id,base on novel
135397,0
76341,0
262500,1
140607,0
168259,0
281957,1
87101,0
286217,1
211672,0
150540,0
206647,1
76757,0
264660,0
257344,0
99861,0
273248,0
260346,0
102899,0
150689,0
131634,0
158852,0
307081,0
254128,0
216015,1
318846,0
177677,0
214756,0
207703,0
314365,0
294254,1
280996,0
198184,0
254470,0
296098,0
257445,1
264644,1
339527,0
105864,0
241554,0
167073,1
277216,0
274854,0
321697,0
203801,0
293863,0
325348,0
228161,0
286565,0
265208,0
254320,0
258480,0
257211,0
253412,0
274479,0
257088,0
295964,0
238615,0
210860,1
306819,0
201088,0
273481,0
166424,0
310131,0
238713,0
256591,0
249070,0
205775,0
334074,0
312221,0
271718,0
333352,0
276907,0
284289,0
266647,0
347096,0
308369,0
227973,0
321741,0
296100,0
263472,0
228205,1
159824,0
333348,0
285783,0
290764,0
296099,0
243688,0
287424,0
301875,0
181283,0
328425,0
274167,0
370687,0
307663,0
309809,0
258509,0
298382,1
272693,0
283445,0
256961,0
326359,0
254302,0
241251,0
292040,0
188222,0
252838,0
273477,0
298312,0
261023,0
336004,0
287903,0
182560,1
192141,0
308639,0
261392,0
304357,0
297291,0
266294,0
227719,0
86828,0
287948,0
201085,0
277355,0
264999,0
146301,0
223485,0
294016,0
290751,0
309245,0
228165,0
272878,0
263109,0
157827,0
321751,0
266396,0
277685,0
268920,0
280092,0
193687,1
300803,0
328589,1
228066,0
378373,0
291270,0
294963,0
241257,0
245698,0
353326,0
250124,0
290637,0
244458,0
308504,0
157843,0
275601,0
290762,0
251516,0
324807,0
252512,0
257091,0
347969,0
237756,0
293646,0
245168,0
311291,0
301351,0
248574,0
225728,0
326425,0
342474,0
277217,0
207936,0
250734,0
268238,0
322456,0
222936,0
316002,0
365806,1
10317,0
334538,1
306947,0
382517,0
310133,0
288036,0
331781,0
253161,0
312831,0
316322,0
301846,0
306745,0
332340,0
292431,0
300693,0
333381,0
256924,0
253414,0
254172,0
320588,0
157544,0
283235,0
243938,0
86835,0
309242,0
332502,0
286192,0
338676,0
232572,0
112454,0
243940,0
321528,0
317744,0
239573,0
167810,0
334527,0
300153,0
228203,0
278236,0
276839,0
326215,0
318256,0
299245,0
333344,0
357096,0
309299,0
314385,0
333596,0
361042,0
353686,0
318954,0
289191,0
252164,0
360784,0
336313,0
240483,0
321494,0
264337,0
289716,0
296065,0
337029,0
317952,0
325358,0
340275,0
309887,0
302429,0
253331,0
293771,0
323373,0
323027,0
297806,0
253626,0
354251,0
355338,0
271736,0
293970,0
364067,0
318922,0
266639,0
274504,1
244316,0
352208,0
283587,1
311539,0
283596,1
250225,0
307479,0
339145,0
308638,0
327528,0
306964,1
362185,0
94365,0
291272,0
324963,0
342927,0
361159,0
351964,0
362057,0
137333,0
57876,0
339533,0
306482,0
245846,0
330112,0
322766,0
361931,0
318224,0
309503,0
348811,0
310135,0
355111,0
335866,0
335970,0
366142,0
310121,0
324308,0
326923,0
356842,0
339530,0
331190,0
395883,0
356300,0
218784,0
310137,0
342917,0
296130,0
327418,0
328869,0
329829,0
330544,0
299551,0
207270,0
284286,0
340816,0
331446,0
351901,0
357681,0
333657,0
336845,0
343795,0
294562,0
297556,0
316885,0
228973,0
359305,0
329004,0
330127,0
323694,0
334028,0
354924,0
291865,0
334531,0
324803,0
309304,0
306966,0
226458,0
339148,0
347754,0
317144,0
338928,0
291189,0
309425,0
287689,0
325189,0
298582,0
301228,0
343934,0
282313,0
300542,0
318044,0
316715,0
323370,0
337958,0
333674,0
301728,0
256030,0
300666,0
373558,0
329205,0
321769,0
251471,0
174340,0
309298,0
285840,0
341886,0
311615,0
333873,0
293941,0
294132,0
301629,0
331592,0
342464,0
316410,0
106845,0
323966,0
354857,0
333653,0
75861,0
323272,0
343921,0
361671,0
346494,0
321974,0
359255,0
355178,0
310491,0
319096,0
360341,0
329556,0
241927,0
321668,0
315024,0
324253,0
395560,0
308084,0
327029,0
249916,0
244563,0
312797,0
295595,0
371758,1
317981,0
333103,0
319076,0
332839,0
362434,0
316761,0
347944,0
279972,0
362439,0
355600,0
308447,0
348035,0
298032,0
371833,1
365717,0
321594,0
307931,0
332706,0
333377,0
275696,0
326247,0
318973,0
273899,0
345468,0
269033,0
318225,0
352552,0
343981,0
319067,0
332177,0
347258,0
312793,0
306943,0
324325,0
321640,0
309919,0
330916,0
273599,0
253303,0
356846,0
367735,0
157336,0
118340,0
100402,0
245891,0
131631,0
122917,0
177572,0
205596,0
198663,1
194662,0
210577,1
228150,0
181533,0
157350,1
127585,0
240832,0
98566,0
225886,0
242582,0
91314,0
120467,0
244786,0
119450,0
156022,0
227159,0
102382,0
137113,0
228967,0
190859,0
147441,0
124905,0
102651,0
254904,0
242512,0
82702,0
270303,0
138103,0
137106,0
72784,0
68737,0
266856,0
193893,0
49017,0
270946,0
224141,0
53182,0
227156,0
187017,0
169917,1
116149,1
284276,0
212778,0
238636,0
218043,0
85350,0
241239,0
184315,0
86834,0
205587,0
232672,0
195589,0
249164,0
243683,0
200727,1
222935,1
244267,0
168530,0
244761,0
171274,1
137094,0
225574,0
262543,0
321068,0
154400,0
97020,0
157353,0
193610,0
82703,0
286532,0
189,0
297270,0
172385,0
100042,0
204922,0
152760,0
227306,0
273895,0
265177,0
255343,0
175112,0
228970,0
76649,0
239571,0
196867,0
207933,0
228326,0
239563,0
136797,0
286554,0
262338,1
170687,1
87093,0
241254,0
246080,0
110416,0
253980,0
242095,0
157825,1
216282,0
289720,0
192102,0
218836,0
252178,0
144336,0
188161,0
255157,0
171372,0
244506,0
136835,0
284293,0
256274,0
87492,0
277547,0
226857,0
157845,0
271674,1
192149,0
187596,0
181886,0
250546,0
328763,0
100241,0
225565,0
192132,0
200505,0
254473,0
242224,0
286519,0
164251,0
284689,0
250066,0
169298,0
244772,0
260339,0
283384,0
137321,1
234200,0
244264,0
241848,0
238215,0
188166,0
253344,0
256917,0
171424,0
229297,0
192712,0
218778,1
239678,1
264656,1
294652,0
244509,0
146015,0
227783,0
327833,0
151368,0
230179,0
242076,0
209451,0
222899,0
198185,0
231576,0
244539,0
287587,0
285135,0
283350,0
97370,0
177494,0
254375,0
235260,0
250657,0
242643,0
242042,0
217993,0
157834,0
253306,0
288281,0
232679,0
260202,0
256835,0
293299,0
270302,0
251852,0
215211,0
177047,0
276844,0
226448,0
255268,0
297596,0
193612,0
242310,0
157849,0
284296,0
239566,0
282813,0
184346,0
246860,0
245916,0
273271,0
245906,0
246741,0
276902,0
254191,0
253312,0
210479,0
246400,0
227735,0
206821,0
152790,0
244536,0
288158,1
203834,0
145220,0
258750,0
297608,0
246403,0
243684,0
287426,0
303623,0
228496,0
276843,0
269173,0
286521,0
184345,0
271714,0
236751,1
251994,0
243568,0
145221,0
157823,0
242022,0
285733,0
284294,0
293310,0
283227,0
214314,0
188207,0
157851,0
254474,0
253235,0
245700,0
258805,0
290555,0
313867,1
203739,0
157829,0
250538,0
256731,0
312791,0
253272,0
193726,0
248504,0
244268,0
267863,0
230266,0
261375,0
190469,0
259072,0
284537,0
312526,0
258099,0
275060,0
285843,0
250535,0
277597,0
240916,0
254024,0
244783,0
250388,0
252171,0
253254,0
210947,0
254263,0
235271,0
241771,0
299582,0
298865,0
228358,0
252680,0
251519,0
238603,0
270938,0
275318,0
249260,0
215379,0
293633,0
297961,0
248774,0
292177,0
242166,0
156597,0
313074,0
275985,0
286654,0
238475,0
284536,0
257447,0
270005,0
254023,0
268060,0
209185,0
282041,0
300706,0
265016,0
289314,0
254194,0
261101,0
253295,0
82657,0
287415,0
259954,0
94590,0
199575,0
174337,0
236399,0
279171,0
270654,0
206296,0
157099,0
157424,0
276401,0
241843,0
297680,0
126172,0
293894,0
212231,0
268171,0
289727,0
330115,0
276496,0
290999,0
249660,0
302828,0
305091,0
281418,0
299969,0
267806,0
242090,0
289416,0
265010,0
257117,0
113833,0
243526,0
79316,0
285387,0
258284,1
284284,0
294093,0
304336,0
276488,0
319389,0
278774,0
282672,0
306650,0
255491,0
252102,0
209269,0
269650,0
114155,0
259074,0
304613,0
269100,0
282296,0
293262,0
274820,0
275619,0
244403,0
283589,0
286548,0
289394,0
200511,0
260001,0
254193,0
253251,0
263855,0
270771,0
249170,0
225044,0
244260,0
209416,0
250658,0
262788,0
267793,0
284274,0
265019,0
301959,0
258193,0
264170,0
294741,0
298093,0
298445,0
250574,0
279914,0
261037,0
277702,0
268321,0
266040,0
256690,0
286987,0
251321,0
285423,0
281778,0
271185,0
277688,0
197696,0
262481,0
256766,0
251768,0
146229,0
259453,0
266102,0
226140,0
266084,0
297265,0
248212,0
287524,0
294959,0
278632,0
206192,0
258251,0
273641,0
300467,0
280922,0
221667,0
331727,0
288445,0
262840,0
254188,0
253270,0
280002,0
244580,0
283161,0
284711,0
262340,0
251736,0
228108,0
256876,0
246743,0
222649,0
287703,0
254772,0
277237,0
296626,0
285841,0
274626,0
253287,0
288154,0
292985,0
274899,0
272602,0
287935,0
300441,0
263510,0
254005,0
268508,0
267795,0
244534,0
249926,0
251979,0
279828,1
261768,0
295144,0
277594,0
276137,0
289239,0
242754,0
220471,0
289333,0
308571,0
288463,0
290802,0
253046,0
292607,0
252444,0
264555,0
242083,0
298935,0
292483,0
288789,0
290336,0
284470,0
265018,0
283330,0
260947,0
297462,0
256273,0
147778,0
276729,0
267872,0
295588,0
275657,0
296244,0
250777,0
256503,0
286372,0
300900,0
286256,0
203819,0
169760,0
289339,0
283322,0
298077,0
250666,0
314065,0
291155,0
291343,0
298653,0
262903,0
279992,0
283559,0
286817,0
11,0
691,0
11319,0
703,0
11114,0
840,0
5902,0
250480,0
14140,0
11940,0
25388,0
11009,0
12535,0
11006,0
5205,0
17689,0
10839,0
12637,0
11590,0
19067,0
42222,0
49126,1
11586,0
7227,0
11834,0
985,0
21948,0
26842,0
1362,0
4199,0
50374,0
47474,0
47914,1
12707,0
38985,0
72277,0
24032,0
41662,0
30315,0
24655,0
16220,0
10670,0
12262,0
18775,0
11598,0
26517,0
20416,1
42218,0
64976,0
18196,0
14741,0
33665,0
29437,0
26680,0
19995,0
16869,0
12437,0
767,0
14160,0
13475,0
534,0
17654,0
10528,0
19913,0
8355,0
18785,0
13183,0
14161,0
12244,0
13448,0
10198,1
22881,0
19908,0
18239,0
10184,0
14869,0
18240,0
15159,0
20943,0
22794,0
10315,0
14836,0
18360,0
16996,0
17979,0
24122,0
7980,0
14560,0
28178,0
22803,0
22825,0
15092,0
19898,0
25475,0
16871,0
37707,0
13811,0
17431,0
19585,0
19824,0
18487,0
20048,1
12556,0
18501,0
19543,0
31011,0
19899,0
7445,0
20766,0
15512,0
24469,0
24803,0
28211,0
11322,0
25472,0
19994,0
21208,0
23706,0
19912,0
23398,0
36419,0
10521,0
25793,0
16995,0
12572,0
16538,0
11323,0
13836,0
28355,0
18947,0
23823,0
19901,0
24420,1
13532,0
17609,0
49391,0
25643,0
13455,0
26390,0
22804,0
18320,0
12573,0
12403,0
19918,0
22787,0
14254,0
17740,0
8952,0
34647,0
34653,1
17134,0
15809,0
20453,0
8373,0
10313,0
19265,0
22832,0
23367,0
16523,0
22897,0
28891,0
16258,0
19840,0
22327,1
18162,0
22954,0
16866,0
18781,0
26123,0
17445,0
24056,0
17610,0
39800,0
38448,0
36970,0
14435,0
105077,0
62320,0
22949,0
26428,0
24238,0
22821,0
11699,0
8054,0
18476,0
4597,0
25769,0
30432,0
37269,0
24418,0
12834,0
24684,0
20829,0
39414,0
22947,0
16577,0
4959,0
26466,0
45650,0
28510,0
13804,0
45806,0
22074,0
14979,0
8880,0
24150,0
16991,0
38842,0
18126,0
17336,0
15357,0
18131,0
20856,0
22051,0
34480,0
21407,0
9503,0
29483,0
31723,0
22824,0
35939,0
36691,0
35052,1
71883,0
42171,0
38542,0
16558,0
53729,0
22855,0
28739,0
22640,0
13975,0
15359,0
29963,0
80527,0
26920,0
25602,0
24833,0
16614,0
12569,0
22620,0
34769,0
30844,0
23568,0
10197,0
28089,0
19904,0
28677,0
19255,0
23049,0
10024,0
38780,0
23128,0
17332,0
278604,0
13207,0
15577,0
18405,0
37080,0
34003,0
25941,0
19959,0
22164,0
19794,0
15268,0
15189,0
30431,0
25968,0
29917,0
17335,0
11928,1
25754,0
26583,0
18238,0
22798,0
46584,0
36800,0
19833,0
13576,0
32868,0
36811,0
8284,0
26035,0
32985,0
32678,0
29426,0
21724,0
17577,0
23566,0
2080,0
14141,0
53985,0
33974,0
17532,0
71866,0
24804,0
28053,0
28118,0
26963,0
8915,0
14853,0
33997,1
24480,0
21467,0
14711,0
36939,0
16325,0
25137,0
52505,1
33788,0
49522,0
25846,0
24589,0
41360,0
22805,0
14536,0
12404,1
44027,0
19556,0
66113,0
16759,0
26693,0
4475,0
14857,0
28665,0
26722,0
26809,0
16335,1
37169,0
26587,0
14164,0
8316,0
5937,0
26688,0
24051,0
24271,0
19688,0
20777,0
25983,0
79896,0
29159,0
21862,0
33511,0
37565,0
11388,0
14028,0
27588,0
14849,0
22683,0
19458,0
16440,0
41479,0
20407,0
17927,0
40850,0
26820,0
31218,0
27989,0
22717,0
20178,0
20618,0
17680,0
27646,0
24832,0
26588,0
30250,0
16931,0
37659,0
23382,0
2325,0
42556,0
36123,0
22494,0
33806,0
25704,0
21469,0
27310,0
20606,0
24001,0
18898,0
26320,0
72962,0
25405,0
14410,0
46420,0
26171,0
34592,0
25196,0
28479,0
23173,0
19905,0
38850,0
20825,0
28019,0
31169,0
34188,0
32338,0
41009,0
51249,0
23720,0
23127,0
22135,0
29919,0
52034,0
39545,0
22681,0
29134,0
18759,0
18480,0
26736,0
37721,0
15060,0
44571,0
38087,0
21033,0
30685,0
46127,0
18065,0
39037,0
26223,0
24438,0
1977,0
22175,0
282963,0
26032,0
14838,0
27561,0
20441,0
15039,0
23988,0
29150,0
23509,0
26367,0
38150,0
31189,0
19105,0
220903,0
33870,0
17618,0
30974,0
34423,0
23116,0
54507,0
27370,0
21641,0
34279,0
15670,0
26191,0
35689,0
49637,0
19599,0
14402,0
28238,0
44750,0
16634,0
21474,0
32389,0
25073,0
46641,0
19238,0
15004,0
37928,0
25867,0
31981,0
31687,0
27205,0
10138,0
12155,1
44214,0
12444,0
20352,0
27578,0
10191,0
11324,1
20526,0
38757,0
10193,0
27576,0
44115,0
37735,0
10140,1
23483,0
37710,0
9543,0
20662,0
44264,0
18823,0
27022,0
37056,0
37799,0
22538,0
39451,0
34851,0
32657,0
44048,0
10192,0
22971,1
34544,0
39514,0
23631,0
38365,0
20504,0
35056,0
23168,0
23169,0
24021,0
38055,0
10196,0
27581,0
42941,0
49018,0
41233,0
45269,0
43347,0
49009,0
31867,0
23830,0
37834,0
38234,0
38167,0
46705,0
27573,0
25195,0
22972,0
38745,0
34806,0
37950,1
41210,0
27586,0
32856,0
46261,0
44683,0
41439,0
38575,0
41733,0
44147,0
26389,0
11439,0
43923,0
43539,0
23437,0
34813,0
45317,0
32823,0
46838,0
20533,0
33473,0
26022,0
40264,0
44639,0
37821,0
22894,0
44982,0
38303,0
35019,0
23048,0
43549,0
41402,0
43949,1
41216,0
22907,0
42297,0
44129,0
38073,0
41411,0
41436,0
42188,1
40662,0
27579,0
23742,0
101669,0
43933,0
59468,0
38408,0
23759,0
55347,0
41505,0
44113,0
33217,1
43947,0
43593,0
38357,0
45094,0
38358,0
23023,0
39285,1
38363,0
45657,0
30675,0
26388,0
38778,0
13477,0
46541,0
52338,0
39781,0
42684,0
48289,0
49953,0
44718,0
38199,0
39013,0
31900,0
27004,0
39691,0
44244,0
37931,0
38843,0
7978,0
27583,0
42888,0
16290,0
50479,0
58496,0
52208,0
45649,0
23172,0
34016,0
41215,0
46503,0
53172,0
37414,0
48838,0
43931,0
42194,0
42194,0
60309,0
35153,0
34803,0
44835,0
59490,0
45569,0
44363,0
33909,0
65760,0
40247,0
43434,0
38407,0
60011,0
50838,0
47518,0
35690,0
74997,0
44009,0
44874,0
45658,0
33555,0
29427,0
41180,0
51200,0
27585,0
39210,0
12819,0
36950,0
43920,0
40205,0
35558,0
41135,0
41515,0
37932,0
35217,0
41592,0
38570,0
38093,0
45162,0
45132,0
44638,0
45013,0
48392,0
51736,0
46198,1
45745,0
12685,0
43641,0
44918,0
45272,0
47386,0
30061,0
39452,0
46934,0
43930,0
33107,0
367186,1
278427,0
44040,0
46837,0
31007,0
44716,0
40619,0
29564,0
58446,0
71622,0
89704,0
34563,0
50090,0
31261,0
34751,0
46829,0
55061,0
12201,0
44678,0
49787,0
31035,0
70695,0
51409,0
42296,0
35169,0
45324,0
32206,0
43919,0
47559,0
189197,0
44263,0
70588,0
49350,0
43935,0
47407,0
38568,0
43942,0
47607,0
56601,0
47218,0
36515,0
43263,0
55215,0
52015,0
41988,0
41827,0
39312,0
46528,0
44992,0
50204,0
59437,0
32916,0
56272,0
12645,0
37495,0
39681,0
62728,0
63727,0
36801,0
30587,0
42918,0
25891,0
55785,0
57419,0
44991,0
43939,0
59435,0
35221,0
46689,0
47088,0
34583,0
52454,0
41556,0
34335,0
71700,0
45556,0
46713,0
44944,0
40080,0
70925,0
39440,0
63578,0
45368,0
47763,0
53459,0
33602,0
352812,0
57120,0
55246,0
52333,0
46138,0
74471,0
39522,0
40720,0
31967,0
38033,0
54532,0
66195,0
43922,0
35791,0
31196,0
27584,0
50037,0
70862,0
11761,0
44737,0
65056,0
35691,0
47177,0
63498,0
59110,0
43552,0
64786,0
46368,0
40663,0
51764,0
52060,0
36736,0
52605,0
39486,0
55244,0
46718,0
40777,0
58107,0
39356,0
44950,0
24243,0
41397,0
550,0
603,0
14,0
1893,0
564,0
497,0
745,0
36643,0
796,0
2668,0
37135,0
2105,0
1844,0
863,0
4951,0
509,0
817,0
226,0
9008,0
926,0
345,0
492,0
9535,0
10137,1
9481,0
8487,0
1911,0
9946,0
1715,0
10386,0
8914,0
9473,0
2112,0
4806,0
10314,0
10398,0
8374,0
1542,0
1443,0
2277,0
2667,0
622,0
10400,0
1090,0
9032,0
8649,0
8224,0
1832,0
3558,1
15400,0
11618,0
1641,0
11622,0
11374,0
10207,0
2275,1
10307,0
11601,0
9451,0
332,0
334,0
2020,0
9423,0
1213,0
9825,0
9781,0
9824,0
4816,0
49948,0
9430,0
11355,0
12117,0
13466,0
6415,0
1850,0
17707,0
26177,0
11377,0
12095,0
18621,0
16716,0
913,0
12618,0
1946,0
20024,0
11001,0
7341,0
1073,0
38809,0
54982,0
10563,0
9455,0
1439,0
12524,0
41586,0
10366,0
10154,0
12485,0
17198,0
12596,0
10213,0
17771,0
6522,0
21349,0
2900,0
9849,0
10210,0
10388,0
10397,0
12220,0
14429,0
11119,0
27653,0
10208,0
404,0
13099,0
2290,0
10402,0
16331,0
6552,0
9563,0
30943,0
10908,0
11129,0
11353,0
10342,0
13787,0
10279,0
14709,0
10350,0
42739,0
20770,0
15556,0
10354,0
3293,0
10490,0
9684,0
10219,0
16172,0
26149,0
19594,0
13428,0
10390,0
15198,0
16379,0
10399,0
15256,0
10212,0
8970,0
9465,0
14242,0
18681,0
10047,0
18417,0
22509,1
5470,0
20761,0
815,0
31183,0
24066,0
22267,0
18212,0
18892,0
10496,0
46435,0
16406,0
31582,0
47288,0
10916,0
28029,0
10359,0
14005,0
14578,0
54004,0
5319,0
25752,0
12479,0
28902,1
14484,0
12594,0
17709,0
16508,0
29698,0
17870,0
1812,0
22345,0
10381,0
64202,0
10557,0
39964,0
24020,0
36251,0
10482,0
10368,0
34513,0
40863,0
17681,0
185789,0
120,0
671,0
1018,0
141,0
585,0
644,0
808,0
634,0
161,0
676,0
1734,0
10865,0
1995,0
453,0
2770,0
9880,0
824,0
869,0
9428,0
4133,0
853,0
855,0
8835,0
9476,0
9398,0
11397,0
4248,0
5175,0
2034,0
1933,0
12589,0
2294,0
9778,0
10992,0
1903,0
13931,0
2140,0
1535,0
9705,0
9889,0
15167,0
18269,0
9989,0
2114,0
9081,0
2057,0
10808,0
8007,0
8922,0
11232,0
11467,0
768,0
2100,0
2043,0
39939,0
2018,0
9896,0
5279,0
11470,0
6073,0
10866,0
10950,0
467,0
10829,0
2144,0
12508,0
167,0
12658,0
17203,0
12103,0
9378,0
9290,0
12149,0
21448,0
5852,0
11457,0
6440,1
11313,0
1548,0
2176,0
2749,0
11065,0
20857,0
9397,0
10050,0
10833,0
8489,0
331214,0
10972,0
11371,0
1365,0
10956,0
10877,0
2575,0
1921,0
8386,0
10646,0
6007,0
11086,0
12138,0
23949,0
28635,0
14034,0
10016,0
10878,0
2779,0
11091,0
10706,0
12610,0
10778,0
10796,0
9104,1
24940,0
10491,0
9799,0
441,0
9816,0
19076,0
9517,0
59940,0
1999,0
10054,0
5955,0
9991,0
3172,0
11090,0
7501,0
56715,0
10691,0
28171,0
10477,0
14369,0
27601,0
5764,0
13496,0
9740,0
11456,0
2084,0
26290,0
4965,0
32577,0
9523,0
21597,0
13503,0
12660,0
26602,0
2171,0
10984,0
11088,0
4012,0
23685,0
39180,0
16550,0
20536,0
18976,0
12312,0
1783,0
32593,0
11889,1
11469,0
9648,0
26976,0
15601,0
331,0
15192,0
19366,0
1722,0
28308,0
37632,0
2141,0
13166,0
26840,0
15647,0
30416,0
11370,0
35080,0
12484,0
9683,0
200813,0
12900,0
20794,0
16723,0
11380,0
1282,0
26475,0
13408,0
19058,0
21997,0
34205,0
35703,0
35831,0
17612,1
16161,0
3003,1
2029,0
18828,0
155,0
10681,0
1726,0
8681,0
217,0
8966,0
10764,0
9502,0
13523,0
11631,0
4922,0
1724,0
13223,0
10527,0
11253,0
8247,1
88751,0
8909,0
13179,0
12405,0
2253,0
7840,0
8960,0
12162,0
9029,0
2454,1
7446,0
13027,0
14574,0
7555,0
10483,0
8328,0
10200,0
11127,0
11321,0
7191,0
13053,0
9870,0
6972,0
10201,0
14306,1
12113,0
4944,0
6557,0
2309,0
8065,0
8848,0
12133,0
8390,0
8676,0
8456,0
10189,0
12163,0
10202,0
13056,0
13051,0
13515,0
7461,0
10358,0
11665,0
15373,0
13486,0
11499,0
11887,0
8055,0
9381,0
19173,0
8321,0
3580,0
8204,0
13335,0
13401,0
13971,0
13012,0
15854,0
1266,0
12182,0
12193,0
15157,0
13001,0
12620,0
13042,0
12180,0
12177,0
7459,0
5038,0
12222,0
12783,0
10503,0
1729,0
8881,0
13413,0
6687,0
13291,0
10661,0
13813,0
21583,0
8090,0
21861,0
10665,0
12914,0
10139,0
10529,0
8836,0
14359,0
14976,0
14447,0
13600,0
10761,0
12184,0
13825,0
13018,0
13809,0
9030,0
11671,0
13184,0
7278,0
8988,0
8457,0
4960,0
14197,0
8338,0
8285,0
14349,0
13510,0
17436,1
8645,0
13460,0
16763,0
18533,0
8885,0
13752,0
4564,0
10186,0
10199,0
13009,0
25741,0
11918,0
12837,0
14098,0
17606,0
14405,0
12165,0
4148,0
4953,0
13090,0
12889,0
14305,0
11152,0
13655,0
12797,0
10360,0
17622,0
13190,0
16353,0
12178,0
13150,0
13220,0
8780,0
13541,0
13991,0
33409,0
7353,0
12568,0
10885,0
13493,0
21755,0
11260,0
14154,0
13812,0
12912,0
14011,0
12192,0
6933,0
23966,0
12689,0
10190,0
14851,0
22419,0
12085,0
13004,0
19929,0
13690,0
13849,0
13851,0
10362,0
13944,0
14325,0
14220,0
10900,0
13972,0
17108,0
15671,0
16164,0
13506,0
14326,0
13160,0
11802,0
13172,0
13279,0
10183,0
14655,0
25329,0
14422,0
13613,0
15262,0
15208,0
14212,0
12245,0
14613,0
14215,0
14073,0
8617,0
7916,0
14476,0
13973,0
16350,0
13990,0
8944,0
13300,0
15801,0
14728,0
14556,0
8884,0
63287,0
14423,0
1782,0
14299,0
33821,0
18176,0
13805,0
14048,0
14771,0
12412,0
20036,0
18570,0
24411,0
54102,0
13803,0
13596,0
8279,0
16342,0
16179,0
10185,0
14353,0
13256,0
14878,0
14538,0
14863,0
31216,0
18616,0
13007,0
10187,0
13793,0
9022,0
13094,0
16056,1
14914,0
23963,0
60086,0
13107,0
20268,0
8266,0
14940,0
10523,0
14061,0
15741,0
14438,0
14244,0
12890,0
16061,0
8282,0
8669,0
14539,0
13956,0
12400,0
8929,0
10488,0
10289,0
14248,0
14643,0
19422,0
13058,0
13260,0
16409,0
13092,0
14833,0
16611,0
21910,0
4627,0
16564,0
55281,0
15749,0
8942,0
3511,0
14255,0
8281,0
15342,0
13490,0
22152,0
14541,0
14145,0
15088,0
14054,0
8359,0
22371,0
168643,0
13692,0
31299,0
19311,0
19237,0
15511,0
29751,0
15126,0
8926,0
22600,0
13996,0
15465,0
14452,0
14859,0
15531,0
16867,0
16919,0
15991,0
7351,0
12179,0
15011,0
16277,0
16279,0
8747,0
20382,0
43727,0
7944,0
317190,0
20764,0
26018,0
12683,0
22556,0
140656,0
8899,0
19222,0
15942,0
13636,0
23190,0
13797,0
32579,0
34482,0
15584,0
23174,0
16999,0
20034,0
11115,0
19116,0
14847,0
19197,0
15705,0
30969,0
14758,0
19375,0
16194,0
18094,0
37432,0
13359,0
8064,0
14298,0
20113,0
27374,0
13643,0
27258,0
14582,0
18635,0
17358,0
70027,0
19079,0
27621,0
13676,0
15125,0
33295,0
253353,0
19713,0
1771,0
64690,0
12445,0
1865,0
61791,0
10195,0
49530,0
47327,0
27582,0
45612,0
56292,0
50646,0
65754,1
51876,0
49444,0
50546,0
51540,0
39254,0
50544,0
52449,0
58574,0
49013,0
44912,0
45243,0
41630,0
17578,0
55721,0
48988,0
37686,0
23629,0
49730,0
50619,1
76025,0
58224,0
8967,0
46529,0
46195,0
74643,0
38317,0
49849,0
86130,0
57212,0
40807,0
44896,0
49520,0
44826,0
50348,0
71676,0
51828,1
49021,0
48171,0
51162,0
52451,0
73358,0
58232,0
71672,0
59436,1
38321,0
51052,0
57157,0
59440,0
59965,0
48138,0
38050,0
37958,0
60420,0
59861,0
39513,0
75736,0
69798,0
62835,0
44943,0
55779,0
45610,0
71880,0
63492,1
23047,0
75900,1
71670,0
74465,0
58547,0
71469,0
50014,1
75174,0
60308,1
71859,0
49950,0
417859,0
49517,0
40805,0
49022,1
37430,0
74018,0
58233,0
39538,0
91417,0
73937,1
38117,1
55465,0
60935,0
59108,0
62838,0
38319,0
56590,0
89708,0
63710,0
50357,0
58151,0
65759,0
41446,0
50321,0
59678,0
60307,1
64685,1
59197,0
50780,0
64639,0
74534,0
41513,0
51999,0
50456,0
70670,0
85435,0
64586,0
49020,0
62046,0
50839,0
45772,0
55846,1
52067,0
65057,0
50359,0
23514,0
68684,0
67913,0
59968,0
63493,0
68817,0
45156,0
70578,0
72113,0
55420,0
10316,0
38356,0
72571,0
63207,0
44564,0
50725,0
75802,0
83899,0
81390,0
64328,0
56288,0
44945,0
69778,0
38684,0
74998,0
49012,0
72391,0
65851,0
49494,0
57431,0
63310,0
91550,0
80591,0
83564,0
79697,0
51248,0
81250,0
58428,0
47760,0
79113,0
101173,0
88794,0
48340,0
70868,0
48231,1
43959,1
62206,0
77949,0
57089,0
74308,0
72912,0
69735,0
58443,0
94363,0
50601,0
71677,0
55787,0
69668,0
55720,0
59296,0
75622,0
50837,0
64720,0
51588,0
76543,0
67748,0
57276,0
145316,0
74626,0
72213,0
86812,0
74523,0
78080,0
73567,0
82424,0
73362,0
38322,0
50698,0
70584,0
65291,0
50217,0
74726,0
62837,0
60405,0
51481,0
81025,0
55292,0
65599,0
51497,0
71208,0
79777,0
71689,0
73588,0
85449,0
57119,0
65218,0
92182,0
51209,0
65034,0
9364,1
70196,0
57586,0
84355,0
93394,0
59860,0
55725,0
63749,0
70587,0
50671,0
44754,0
68818,0
54093,0
73499,0
103516,0
76122,0
46221,0
91070,0
51993,0
71688,0
84226,0
48572,0
76535,0
62630,0
78381,0
74306,0
79931,0
86820,0
38543,0
56401,0
80038,0
64288,0
65055,0
73108,0
62441,0
49010,0
51017,0
40161,0
75074,0
68450,0
56780,0
91549,0
77879,0
70577,0
53487,0
77887,0
66125,0
57812,0
82501,0
75595,1
64622,0
76815,0
76115,0
79379,0
72174,0
97795,0
73873,0
79628,0
54271,0
72477,0
73686,0
86593,0
60302,0
57353,0
59006,0
76420,0
75720,0
63139,0
64678,0
58882,0
81332,0
74777,0
63513,0
54320,0
77878,0
73818,0
93188,0
54662,0
70821,0
66164,0
84427,0
67911,0
51995,0
79120,0
61537,0
74725,0
54293,0
99494,0
60803,0
54518,0
69278,0
30618,0
168210,1
73958,0
50081,0
82914,0
92395,0
81167,0
73562,0
70703,0
105945,0
137145,0
58699,0
82532,0
76346,0
38541,0
76360,0
80530,0
51994,0
74945,0
59726,0
61348,0
66150,0
49538,0
60164,0
31880,0
60170,0
51996,0
79771,0
79040,0
81440,0
54075,0
80767,0
82932,0
89008,0
83896,0
83727,0
82743,0
414419,0
53776,0
67675,0
64854,0
56906,0
55723,0
63686,0
56913,0
77067,0
89874,0
81330,0
53101,0
70386,0
89326,0
81185,0
58492,0
80337,0
202241,0
64853,0
91690,0
84154,0
74510,0
145312,0
83540,0
121,1
672,0
425,0
2501,1
1576,0
557,0
1894,0
640,0
608,0
423,0
180,0
11544,0
4108,0
7451,0
9016,1
170,0
7303,0
36586,0
3131,0
4547,0
10996,0
11452,0
65,0
2022,0
455,0
14128,0
2642,0
2675,0
565,0
12536,0
10229,1
8346,0
245,0
12448,0
9884,0
1817,0
201,0
7299,0
9962,0
590,0
4147,0
818,0
9021,0
320,0
9645,0
9637,0
10771,0
9023,0
10375,0
11013,0
9334,0
8427,0
1430,0
1429,0
7090,0
13683,0
4614,0
1613,0
10590,0
9012,0
11852,0
1360,0
11892,0
2757,0
11529,0
10611,0
4911,0
2135,0
15070,0
11812,0
9027,0
12100,0
8470,0
2752,0
2251,0
1537,0
8051,0
8665,0
8869,0
437,0
11979,0
9488,0
1957,0
10426,0
16690,0
20009,0
6020,0
20312,0
1574,0
9357,0
9280,0
13376,0
13536,0
9298,0
11056,0
6278,0
5851,0
9296,0
11560,1
10592,0
2755,0
9266,0
9573,0
2103,0
9034,0
9093,0
8198,0
8094,0
10985,0
2637,0
11888,0
10712,0
14635,0
3132,0
14245,0
4912,0
1809,0
16077,0
11246,0
14365,0
10550,0
9932,0
9039,0
17774,0
9689,0
12079,0
15028,0
11442,0
11468,0
11880,0
2017,0
11870,0
11362,0
11022,0
18221,0
11535,0
16028,0
8460,0
9583,0
13435,0
14874,0
2750,0
14008,0
9685,0
2165,0
12779,0
9555,0
9557,0
10994,0
10894,0
17130,0
11692,0
15992,0
10575,0
19792,0
27259,0
9613,0
12576,0
9533,0
13819,0
12771,0
4107,0
14787,0
10052,0
13830,0
13497,0
9026,0
21972,0
1956,0
14980,0
16857,0
7342,0
10167,0
9260,0
3472,0
47354,0
9045,0
13440,0
11857,0
14923,0
13950,0
13437,0
9544,0
21518,0
14317,0
14112,1
13163,0
9707,0
35696,0
15186,0
16261,0
9275,0
2185,0
10726,0
11891,0
18808,0
20616,0
23132,0
12277,0
29229,0
12590,0
34081,0
12577,0
21189,0
18602,0
13560,0
8439,0
13441,0
54580,0
16876,0
10605,0
12770,0
18419,0
10918,0
51452,0
13908,0
1376,0
13201,0
29047,0
680,0
278,0
13,1
8587,0
1637,0
8467,0
36593,0
628,0
15969,0
36955,0
854,0
9359,0
2164,0
9331,0
241,0
2292,0
306,0
11395,0
4476,0
178,0
712,0
13519,0
11164,0
10731,0
9495,0
11011,0
888,0
10510,0
193,0
3049,0
10660,0
11546,0
8984,0
6280,0
11596,0
8850,0
1024,0
22586,0
15139,0
11231,0
13595,0
15997,0
2124,0
522,0
8831,0
12160,0
9058,0
10531,0
2759,0
11450,0
9057,0
9905,0
236,0
11667,0
2636,0
18674,0
28032,0
8011,0
9624,0
24405,0
22059,0
14522,0
3036,0
11858,0
26352,0
27793,0
3586,0
10694,0
11934,0
2788,0
527,0
11382,0
35614,0
6472,0
9587,0
24795,0
2087,0
23333,0
10395,0
30157,0
11318,0
19092,0
4954,0
20156,0
20726,0
24070,0
26203,0
11777,0
48787,0
10447,0
8986,0
1945,0
16139,0
12778,0
14275,0
10464,0
12475,0
2436,0
12280,0
13815,0
10467,0
19176,0
29918,0
19155,0
10872,0
11067,0
1702,0
10486,0
31586,0
20306,0
46094,0
15097,0
18395,0
11593,0
23719,0
17809,0
19819,0
26682,0
11310,0
34746,0
22317,0
13701,0
1909,0
11853,0
10879,0
22137,0
10897,0
18009,0
17600,0
29444,0
11212,0
16780,0
11317,0
17585,0
17745,0
8987,0
46717,0
26261,0
11592,0
16297,0
18885,0
10635,0
25284,0
41582,0
19855,0
18069,0
20678,0
35233,0
39466,0
34152,0
12635,0
26564,0
10448,0
37404,0
18837,0
38940,0
14237,0
75834,0
36614,0
25645,0
75826,0
10449,0
30114,0
70811,0
24428,0
52520,0
49026,0
68718,0
37724,0
49040,0
49051,0
70981,0
82693,1
1930,0
62177,0
58595,0
64688,0
87827,0
57800,0
72105,0
75780,1
80278,0
82690,0
114150,0
41154,0
70160,0
64635,0
83542,0
76163,0
82675,0
62213,0
84892,0
68734,0
71552,0
77930,0
22970,0
81188,0
72570,0
72545,0
82390,0
72387,0
72331,0
123025,0
73723,0
83666,0
114478,0
49049,0
44833,0
80271,0
75258,0
59962,0
82695,0
62764,0
49529,1
59967,0
50620,0
97630,0
70435,0
57165,0
85446,0
76726,0
75674,0
76492,0
82507,0
87826,0
77016,0
96724,1
72976,0
76494,1
76493,0
10679,0
77877,1
57214,0
77866,0
111969,0
80321,0
140420,0
82633,1
79548,0
70436,0
80585,0
127493,0
97434,0
82684,0
80035,0
72197,0
68722,0
136911,0
72207,0
89492,0
81796,0
50647,0
65086,0
62214,0
87428,0
59961,0
82525,0
80389,0
116613,0
84199,0
87502,0
49527,0
86838,0
78698,0
86467,1
103620,0
127517,0
98548,0
71668,0
112336,0
61012,0
64689,1
77948,0
133121,0
60599,0
68812,0
77953,0
90369,0
60747,0
75638,0
76489,0
82696,0
97430,0
74387,0
102780,0
72358,0
115290,0
109099,0
81446,0
87825,0
81836,0
93856,0
94901,0
112200,0
82505,0
94348,0
54054,1
121826,0
84305,0
71864,0
103332,0
84178,0
77174,0
82650,0
111839,0
96399,0
72431,0
97051,0
82679,0
77875,0
104755,0
119698,0
49526,0
84174,0
152581,0
82687,0
113947,0
88005,0
82881,0
82631,0
83686,0
106021,0
85373,0
70667,0
82990,0
83770,1
122857,0
79935,0
135812,0
125490,0
123105,0
92591,0
93837,0
89185,0
84200,0
110160,0
82618,0
134366,0
84348,0
87504,0
76487,0
136080,0
116979,0
134597,0
59963,0
86597,0
135281,0
127372,0
122293,0
67660,0
109513,0
130267,0
121824,0
127867,0
39957,0
119569,0
127884,0
97614,0
127374,0
75761,0
84306,0
94352,0
117974,0
84194,0
89691,0
98948,0
84175,0
106717,0
141102,0
84577,0
128136,0
75204,0
103328,0
133931,0
139567,0
84332,0
130925,0
127962,0
96599,0
98339,0
79694,0
119431,0
74505,0
100183,0
98066,0
94380,0
84165,0
101325,0
121872,0
102629,0
84329,0
80318,0
118957,0
177221,0
100683,0
49014,0
97605,0
90125,0
135858,0
114606,0
136278,0
100089,0
52001,0
127651,0
110146,0
122800,0
91010,0
98582,0
84281,0
150015,0
134371,0
126757,0
78215,0
86555,0
84290,0
100529,0
118612,0
84330,0
84184,0
115084,0
117923,0
122192,0
122924,0
127370,0
84287,0
114958,0
141423,0
124075,0
87440,0
138376,0
86703,0
121831,0
138038,0
121873,0
71679,0
119685,0
46429,0
126277,0
135921,0
119478,0
76589,0
109391,0
109843,0
98369,0
84342,0
141528,0
133764,0
135309,0
148265,0
136793,0
96973,0
80215,0
72890,0
128876,0
110397,0
101519,0
123362,0
72334,0
128241,0
84333,0
92000,0
82485,0
89237,0
121598,0
84204,0
139933,0
103269,0
78571,0
84185,0
121597,0
146631,0
162145,0
88036,0
103747,0
102222,0
127913,0
80304,0
139715,0
122088,0
139777,0
139455,0
118628,0
113294,0
84334,0
97632,0
168027,0
140174,0
94973,0
138941,0
128270,0
105526,0
89325,0
167956,0
118737,0
149786,0
133441,0
105531,0
97690,0
116227,0
127918,0
107257,0
117369,0
157305,0
115210,0
97512,0
135579,0
60270,0
140405,0
84907,0
114955,0
79940,0
141679,0
128216,0
116977,0
50497,0
73935,0
116811,0
133557,0
143800,0
110112,0
125558,0
137776,0
185744,0
119286,1
121830,0
298016,0
86004,0
120846,0
121983,0
107178,0
111440,0
128592,0
136698,0
127864,0
124071,0
139808,0
101267,0
101449,0
150093,0
86101,0
121147,0
128104,0
97989,0
84284,0
127548,0
114887,0
86705,0
146712,0
157289,0
124067,0
84288,0
122,1
277,0
22,0
24,0
605,0
604,0
12,0
310,0
508,0
10719,0
296,0
1278,0
587,0
9480,0
8273,0
8698,0
9654,0
14873,0
153,0
10147,0
9486,0
10009,0
10601,0
4256,0
10028,0
8409,0
1584,0
616,0
8961,0
1996,0
9902,0
2832,0
8619,0
11820,0
322,0
55931,0
9506,0
9341,0
1927,0
1428,0
11635,0
9919,0
6038,0
9257,0
9567,0
10327,0
8965,0
10588,0
10330,0
14411,0
9562,0
9620,0
9471,0
6964,0
10756,0
4970,0
470,0
9358,0
9373,0
1647,0
11007,0
2289,0
9282,0
8326,0
10610,0
11023,0
6466,0
10623,0
13062,0
10715,0
10782,0
10159,0
15016,0
584,0
11523,0
21683,0
10743,0
10735,0
2055,0
12090,0
10934,0
7229,0
10708,0
7270,0
4464,0
2116,0
11351,0
6171,0
19325,0
10544,0
11817,0
12279,0
10720,0
9616,0
11775,0
10632,0
11093,0
9499,0
18113,0
11547,0
11329,0
2577,0
10628,0
504,0
10944,0
10943,0
10678,0
10922,0
8046,0
16072,0
25988,0
10152,0
3635,0
11078,0
4613,0
13573,0
13411,0
14926,0
1415,1
9839,0
11615,0
10739,0
1807,0
883,0
11059,0
1088,0
11019,0
10511,0
25935,0
2662,0
9582,0
12542,0
13920,0
237,0
12767,0
1550,0
11375,0
302,1
9776,0
10133,0
13370,0
32293,0
13156,0
35114,0
15708,0
2056,0
21542,0
22309,0
16941,0
10727,0
10578,0
5146,0
17403,0
33005,0
24019,0
10105,0
19766,0
10929,0
8696,0
11427,0
14527,0
20,0
5204,0
321,0
10923,0
14892,0
12253,0
6016,0
21131,0
24982,0
2518,0
21544,0
12146,0
1792,0
17684,0
15276,0
20210,0
4592,0
8325,0
11420,0
15394,0
192936,0
52036,0
14573,0
6277,0
22076,0
19288,0
10744,0
11194,0
10629,0
5653,0
20694,0
36658,0
13778,0
4997,0
16973,0
245454,0
33339,0
12698,0
22958,0
17813,1
31246,0
24794,0
8991,0
246355,0
11049,0
28200,0
18248,0
21525,0
80219,0
4252,0
319600,0
42418,0
59191,0
597,0
11970,0
607,0
782,0
18,0
415,0
25571,0
714,0
489,0
184,0
8078,0
2649,0
8413,0
9444,0
9714,0
816,0
563,0
9427,0
1701,0
754,0
9366,0
3597,0
1813,0
9360,0
2255,0
9619,0
1639,0
2118,0
4233,0
1624,0
13313,0
686,1
9769,0
11975,0
10357,0
4824,0
9434,0
18222,0
9574,0
10003,0
8834,0
9772,0
10603,0
586,0
2898,0
2163,0
978,0
8874,0
4995,0
638,0
9770,0
11425,0
10347,0
13664,0
1281,0
4477,0
10806,0
9415,0
9433,0
9437,0
66,0
11419,0
10155,0
19165,0
4961,0
6072,0
1968,0
10336,0
6623,0
431,0
9746,0
9922,0
4421,0
11015,0
9446,0
2212,0
8067,1
8675,0
2639,0
13929,0
22073,0
12499,0
14289,0
9405,0
6283,0
10217,0
9438,0
2895,0
2142,0
9311,0
16052,0
6116,0
68924,1
17100,0
20737,0
9611,0
106035,0
11676,0
24662,0
11210,0
9823,0
39346,0
8860,0
18355,0
12489,0
9092,0
10351,0
10371,0
9407,0
6499,0
9622,0
9449,0
9416,0
9414,1
34314,0
19601,0
12238,0
14585,0
12145,0
8854,0
17949,0
35796,0
26689,0
9403,0
17589,0
22797,0
12628,0
17266,0
9413,0
18519,0
2058,0
17894,0
16992,0
26180,0
1811,0
29193,0
18080,0
21252,0
45609,0
8197,0
12219,0
1610,0
17834,0
9054,0
36807,0
9406,0
11831,0
14330,0
25624,0
330,0
10871,0
18423,0
21253,0
21915,0
14398,0
38295,0
43274,0
36797,0
18415,0
42884,0
38225,0
32332,0
14908,0
17832,0
82549,0
37244,0
12723,0
14817,0
29461,0
13852,0
37652,0
27318,0
44706,0
37410,0
109445,0
49047,0
76338,0
68721,0
75656,0
101299,1
106646,0
68726,0
75612,0
57158,0
49521,0
152601,0
93456,0
54138,0
76203,0
87421,0
138843,0
64682,1
249397,0
68724,0
47964,0
158015,0
62211,0
72190,0
116745,0
80274,1
138832,0
136400,0
122906,0
96721,0
72559,0
86829,0
117263,0
76285,0
146233,0
107985,0
168672,0
82654,0
138697,0
60304,0
64686,0
142061,0
123553,0
116711,0
193756,0
258216,0
152532,0
49524,0
146216,0
151960,0
122081,0
174321,0
158011,0
109428,0
137093,0
112205,0
91586,0
203833,0
97367,0
109439,0
49519,0
204082,1
107846,0
133805,1
109424,0
109091,0
117251,0
87567,0
209189,0
169813,0
81005,0
146238,0
212716,0
146239,0
109414,0
208134,0
119283,0
82700,0
152603,0
136795,0
140823,0
59859,0
157547,0
57201,0
82682,0
76640,0
86825,0
152747,0
76617,0
157386,0
68727,0
109443,0
238302,0
68728,0
77950,0
136418,0
134374,0
167032,0
146223,0
72710,1
87516,0
130150,0
132232,0
178809,0
144340,0
251783,0
132363,0
87818,0
107811,0
68179,0
64807,0
205601,0
230222,1
106747,0
112949,1
174772,0
168676,0
209403,0
96936,0
169209,0
119675,1
109451,0
160588,0
190847,0
180948,0
150117,0
139038,0
77987,0
109421,0
210047,0
209244,0
152742,0
124459,0
103731,0
227700,0
253279,0
111190,0
127560,0
98357,0
172533,0
174675,0
215881,0
77951,0
229407,0
179826,0
123109,0
109491,0
199373,0
77931,0
152599,0
109410,0
77805,0
174311,0
147773,0
162903,0
227707,1
76170,0
134411,0
175574,0
129670,0
149509,0
4258,0
214030,0
209247,0
100542,0
220289,0
76544,0
192134,0
152737,0
216541,0
210908,0
209249,0
159117,0
91745,0
85889,0
210024,0
132344,0
156700,0
227348,0
227094,0
166271,0
166822,0
108726,0
115782,0
145135,0
157360,0
230896,0
115348,1
209504,0
77663,0
50275,0
160139,0
184125,0
207768,0
172803,0
198210,0
157354,0
152792,0
164457,0
129139,0
149910,0
201749,0
229182,0
82992,0
174682,0
156708,0
109417,0
70706,0
145197,0
102362,0
78383,0
174343,0
201676,0
218329,0
192538,0
174341,0
183011,0
188538,0
172391,0
160768,0
207021,0
159932,0
248688,0
174188,0
175541,1
235093,0
174316,0
211387,0
214091,0
220286,0
205321,0
176339,0
111473,0
151933,0
211067,0
146381,0
175291,0
152748,0
158916,0
168903,0
229749,0
157375,0
152745,1
114779,0
195269,0
152795,0
152259,0
214093,0
159095,0
209271,0
222461,0
191820,0
199534,0
253617,0
217316,0
229405,0
156717,0
193613,0
153795,0
252529,0
166076,0
60932,0
209263,0
175555,0
104329,0
185471,0
156711,0
74461,0
214210,0
87499,0
111479,0
176068,0
146304,0
160118,0
150202,0
207769,0
198287,0
158907,0
196254,0
170039,0
57210,0
189680,0
174326,0
169219,0
158914,0
217896,0
197033,0
87436,0
157841,0
205939,0
191294,0
109729,0
122369,0
137563,0
121677,0
157351,0
168399,0
100544,0
199578,0
165739,0
140222,0
206213,0
214086,0
159638,0
172847,0
183258,0
143049,0
180951,0
159008,0
166879,0
136850,0
167305,0
204349,0
210910,0
220845,0
158999,0
157117,0
187541,0
227359,0
209262,0
216539,0
182228,0
167575,0
186971,0
227877,0
186988,0
178682,0
191720,0
158908,0
162215,0
205724,0
173210,0
146203,0
159004,0
141733,0
177888,0
192136,0
158739,0
185574,0
231474,0
205220,0
161143,0
220494,0
172386,0
191566,0
217708,0
180679,0
254918,0
236028,0
159138,0
118289,0
226979,0
154282,0
215814,0
221510,1
201847,0
174671,0
238466,0
177699,0
229839,0
244610,0
232175,0
177203,0
228933,0
177566,0
214081,0
200481,0
179111,0
240881,0
237710,0
278334,0
153738,0
194101,0
211065,0
231001,0
197624,0
167179,0
200462,0
180894,0
256742,0
210913,0
216156,0
245169,0
190754,0
214597,0
246449,0
164558,0
226437,0
248842,0
257874,0
207273,0
192210,0
192813,0
197919,0
161782,0
209204,0
191562,0
164331,0
160564,0
169758,0
131689,0
300302,0
241958,0
220677,0
198677,0
234567,0
72359,0
177271,0
163431,0
83869,0
214100,0
165864,0
137968,0
226360,0
101724,0
184155,0
159667,0
195796,0
242575,0
235662,0
173205,0
199818,0
201132,0
181095,0
184992,0
270221,0
222724,0
158936,0
203321,0
159140,0
185460,0
191502,0
246699,0
191718,0
206284,0
213121,0
142115,0
158743,0
116741,0
224087,0
172785,0
142391,0
216790,0
182127,0
225564,0
173491,0
225703,0
124623,0
203793,0
141058,0
178850,0
238749,0
246308,0
160220,0
203351,0
174323,0
105,0
2108,0
526,0
9355,0
707,0
11976,0
9340,0
10014,0
1369,0
606,0
1374,0
68,0
10957,0
873,0
10999,0
9838,0
10925,0
9281,0
11532,0
10328,0
16248,0
11797,0
11418,0
10157,0
9626,0
8408,0
15196,0
9731,0
13764,0
10176,1
12500,0
9749,0
11814,0
8879,0
10849,0
11177,0
29161,0
10303,0
11954,0
1694,0
23919,0
10905,0
14370,0
8992,0
9080,0
24873,0
17824,0
10843,0
5683,0
2075,0
13667,0
12615,0
10372,0
1816,0
10552,0
11064,1
11864,0
11509,0
11824,0
11703,1
17898,0
11557,0
20348,0
44191,0
11904,0
8130,0
19357,0
12775,0
14750,0
11893,0
35144,0
19259,0
26578,0
16082,0
25133,0
18252,0
12235,0
27064,0
29794,1
10553,0
14040,0
17663,1
9846,0
13938,0
18502,0
9872,0
11018,0
49370,0
11338,0
24548,0
24742,0
11240,0
12764,0
15982,0
11243,0
30069,0
674,0
272,0
411,1
752,0
187,0
118,1
1895,0
7453,1
1635,0
953,0
9738,0
561,0
9522,0
8202,0
10022,0
74,0
1904,0
6957,0
9982,0
8488,0
9335,0
2313,0
11283,0
1495,0
4379,0
254,0
4551,0
11968,0
4348,0
142,0
9928,0
13417,0
11679,0
9779,0
787,0
8923,0
1656,0
1830,0
6795,0
9947,0
10320,0
3933,0
533,0
2800,0
14174,0
9667,0
25,0
9392,0
16320,0
215,0
9007,1
11451,0
9621,0
8292,0
1690,0
5236,0
921,0
116,0
10982,0
11096,0
9722,0
11931,1
8274,0
8814,0
10033,0
9641,0
11431,0
11648,0
9777,0
179,0
4442,0
1947,0
2026,0
6519,0
612,0
8643,0
9388,1
11453,0
231,0
10214,0
8999,1
257,0
9913,0
5289,0
6439,0
3291,0
7214,0
59,0
10065,0
7552,1
10027,0
7233,0
11638,0
9687,0
9910,0
7873,0
9315,0
8978,0
15648,0
308,0
6963,0
10851,0
9885,0
11683,0
10040,0
10070,0
69,0
9043,0
8976,0
10060,0
9981,0
14517,0
10012,0
8066,0
13374,0
9291,0
7553,0
11637,0
10077,0
7515,0
9753,0
791,0
10048,0
6961,1
168705,0
9912,0
9681,0
7364,0
9515,0
398,1
14175,0
1985,0
1544,0
2652,0
10066,0
13922,0
9923,0
20077,0
18500,0
9074,0
14199,0
15657,0
15487,0
16553,0
10064,0
10292,0
8053,0
9721,0
12591,0
10092,0
9763,0
11804,0
13020,0
9270,0
12700,0
11400,0
1951,0
27902,0
11459,0
9813,0
11460,0
11348,0
9927,0
20910,1
10008,0
22473,0
13994,0
5471,0
340,0
10258,0
17113,0
13499,0
14057,0
17124,0
9899,0
14375,0
17035,0
10476,0
546,0
10913,0
1696,0
12142,0
8968,0
1826,0
15258,0
11559,0
27594,0
17455,0
21481,0
29293,0
9921,0
16456,0
7295,0
1665,0
12699,0
9042,0
1833,0
13679,0
15124,0
16048,0
501,0
10707,0
9729,0
8332,0
9968,0
67,0
10845,0
14180,0
14166,0
20215,0
18882,0
16411,0
58462,0
17186,0
19803,0
14457,0
2287,0
10263,0
28366,0
6473,0
2610,0
9701,0
13557,0
26138,0
1622,0
65215,0
15624,0
7870,0
13341,0
8008,0
24123,0
21891,0
124673,0
24546,0
12920,0
72240,0
15493,0
18191,0
5145,0
22747,0
9787,0
5171,0
16608,0
7182,0
10846,0
31446,0
9700,0
12261,0
19166,0
10579,0
9009,1
11788,0
1382,0
9005,0
19583,0
20981,0
148,0
14597,0
13919,0
21838,0
15402,0
13373,0
10598,0
9814,0
14922,0
2151,0
292,0
18189,0
2566,0
14228,0
9288,0
20771,0
11354,0
6967,0
7509,0
18825,0
25967,0
24939,0
18070,0
22559,0
14147,0
17919,0
17868,0
31046,0
10268,0
28512,0
16548,0
14566,0
24935,0
868,0
29595,0
14907,0
19521,0
16998,1
15907,0
13015,0
20604,0
14788,0
18484,0
834,0
58,0
920,0
36557,0
591,0
9762,0
950,0
956,0
350,0
1422,0
1581,0
1124,0
1593,0
1164,0
9693,0
8275,0
1452,0
496,0
9339,0
10010,0
9767,0
388,0
7518,0
1427,0
1372,0
7457,0
1948,0
186,0
9036,0
9286,0
588,0
9655,0
1381,0
9836,0
1246,0
10032,0
11619,0
9904,0
7551,0
2486,1
2044,0
4257,0
9297,0
10947,0
6877,0
1579,0
9906,0
9792,0
9513,0
10025,0
1247,0
9920,0
7985,0
82,0
9293,0
9044,0
3683,0
1378,0
4351,0
9975,0
9708,0
7516,0
9530,0
9918,0
11170,0
1491,0
12096,0
9988,0
1441,0
1717,1
9035,0
11565,0
3093,0
2295,0
9718,0
15255,0
1402,0
1887,0
9959,0
9969,0
14784,0
1523,0
214,0
7512,0
9353,0
9676,0
503,0
9310,0
14620,0
14611,0
18615,0
1819,0
773,0
9072,0
9948,0
21316,0
2447,0
9794,0
806,0
1251,0
19595,0
3509,1
1262,0
1852,0
13767,0
9726,0
9592,0
14202,0
313,0
37725,0
10073,0
9788,0
9900,0
7484,0
25676,0
9907,0
9828,0
10741,0
1125,0
326,0
4441,0
8998,0
12094,0
4643,0
10063,0
4723,0
9615,0
11652,0
13967,0
9682,0
13205,0
7874,0
11515,0
17700,0
10115,0
9903,0
8975,0
8997,0
11908,0
7510,0
10067,0
9978,0
16781,0
14171,0
9756,0
1440,0
9957,0
1123,0
9986,0
12763,0
14113,0
13934,0
3602,0
14191,0
9914,0
9952,0
1116,0
2207,0
512,0
14062,0
7511,0
1259,1
9829,0
13185,0
9053,0
15363,0
1165,0
5820,0
9784,0
182,0
9664,0
4474,0
7304,0
1253,0
61717,0
1252,0
8588,0
13668,0
1975,0
10781,0
14458,0
5072,0
12225,0
13197,0
1590,0
9754,0
13249,0
2357,0
14624,0
15213,0
13075,0
2179,0
1249,0
14609,0
9782,0
9895,0
9954,0
16774,0
10005,0
14542,0
9950,0
9841,0
24180,0
8436,0
5393,0
14474,0
9761,0
10053,0
9672,0
12795,0
6641,0
14194,0
9656,0
5172,0
10886,0
8324,0
14453,0
37924,0
10288,0
7859,0
12526,0
9697,0
19344,0
10118,0
14823,0
9766,0
9786,0
3603,0
10085,0
2168,0
13198,0
18858,0
15077,0
10094,0
1967,0
17287,0
18870,0
18925,0
21427,0
13171,0
24801,0
38163,0
10007,0
11910,0
8618,0
14055,0
16727,0
1781,0
9809,0
1730,0
11494,0
9773,0
26655,0
14930,0
13754,0
14761,0
34204,0
11798,0
14938,0
14872,0
7861,0
15495,0
9842,0
8194,0
2016,0
13162,0
31047,0
13728,0
13364,0
6948,0
17,0
10069,0
16276,0
10093,0
10854,0
14064,0
9526,0
18437,0
50787,0
7872,0
36668,0
9924,0
13551,0
15590,0
13508,0
9727,0
20683,0
9847,0
13751,0
9796,0
15534,0
19312,0
10177,0
12271,0
8421,0
14845,0
19323,0
15314,0
7839,0
15667,0
24970,0
9917,0
9958,0
19213,0
21847,0
18276,0
37609,0
30347,0
26518,0
16083,0
12586,0
14137,0
12713,0
4641,1
9695,0
13484,0
1596,0
13856,0
15543,0
11211,0
13816,0
121506,0
10004,0
20605,0
15412,0
673,0
393,0
9801,0
38,0
11036,0
9806,0
2502,1
652,0
2059,0
2048,1
1824,0
10625,0
7131,0
1487,0
5255,0
809,0
1954,0
1577,0
163,0
693,0
435,0
2567,0
1538,0
747,0
36648,0
10304,0
594,0
11774,0
70,0
8920,0
11430,0
10555,0
5137,0
12242,0
11836,0
9711,0
1640,0
8699,0
10096,0
14442,0
10591,0
11024,0
866,0
11247,0
395,0
9472,0
10045,0
1966,0
11282,0
176,0
558,0
9352,0
9509,0
5966,0
2288,0
7220,0
314,0
13673,0
27,0
924,0
9477,0
2789,0
2539,0
1586,0
4836,0
10589,0
14623,0
11130,0
10733,0
80,0
1970,0
9759,0
14462,0
4553,0
11249,0
11045,0
8849,0
14247,0
4380,0
9541,0
9890,0
14337,0
11633,0
13700,0
2023,0
1599,0
1777,0
13476,0
12153,0
205,0
10367,0
11358,0
21385,0
83,0
2841,0
3989,0
10891,0
13378,0
11025,0
5552,0
9805,0
9675,0
10762,0
9384,0
16791,0
11132,0
6947,0
2122,0
615,0
11237,0
1677,0
10677,0
2003,0
10740,0
11823,0
11081,0
13505,0
36763,0
9833,0
438,0
401,0
8193,0
13969,0
11026,0
11208,0
421,0
10204,0
21301,0
10046,0
11137,0
10870,0
12450,0
29979,0
7092,0
10145,0
15566,0
7548,0
15775,0
1901,0
11109,0
14207,0
11866,0
6478,0
11058,0
13416,1
5516,0
9688,0
4599,0
11162,0
15184,0
15644,0
34843,0
11141,0
14024,0
11188,0
11632,0
11184,0
1997,0
842,0
5460,0
1126,0
10742,0
10718,0
14292,0
16617,0
9636,0
11171,0
10609,0
13932,0
12657,0
24653,0
17209,0
11217,0
9830,0
14844,0
8080,0
12634,1
8981,0
10710,0
26579,0
16232,0
15673,0
16428,0
11099,0
11169,0
17047,0
33641,0
12483,0
9372,0
18923,1
14846,0
8842,0
14681,0
9953,0
11413,0
9965,0
13702,0
10296,0
11128,0
18165,0
34560,0
8357,0
10927,0
11052,0
26,0
20483,0
15483,0
2791,0
9692,0
21776,0
19592,0
13905,0
1944,0
14198,0
16764,0
31117,0
15058,0
12281,0
1404,0
23601,0
12877,0
3057,0
15237,0
10838,0
17871,0
24747,0
8555,0
12703,0
44345,0
16358,0
20544,0
9976,0
20200,0
14463,0
11588,0
25248,0
12540,0
238,0
10669,0
1688,0
10784,0
573,0
14881,0
811,0
24559,0
692,0
11624,0
32613,0
15516,0
6949,0
11943,0
26119,0
551,0
19403,0
993,0
15573,0
5916,0
24236,0
38939,0
11610,0
22784,0
12530,0
12593,0
21711,0
23847,0
33638,0
35280,0
25993,0
30566,0
24571,0
38761,0
18250,0
16993,0
1891,0
694,0
813,0
525,0
5689,0
1578,0
8536,0
4488,0
3537,0
3604,0
1955,0
13612,0
12705,0
10765,0
8393,0
790,0
38602,0
11977,0
11033,0
14475,0
16395,0
21629,0
21866,0
10935,0
40969,0
8738,0
37997,0
16633,0
11335,0
12129,0
17169,0
14807,0
20681,0
11542,1
17496,0
37835,0
6028,0
16121,0
2768,0
27958,0
33518,0
19494,0
23954,0
16619,0
11337,0
5917,0
21873,0
33214,0
19761,0
15119,0
36599,0
13783,0
1623,0
18910,0
14460,0
28124,0
16769,0
15668,0
14729,0
27346,0
29343,0
21970,0
5922,0
13005,0
31703,0
24825,0
32020,0
13550,0
39176,0
10889,0
42160,0
30924,0
285,0
675,0
2062,0
2503,1
6977,0
6479,0
6637,0
559,0
5876,0
2270,1
1991,0
1571,0
5174,0
5915,0
1271,0
1250,0
7326,0
1265,0
7485,0
4347,1
7345,0
4982,0
4638,0
810,0
13885,0
8363,0
6477,0
5559,0
1267,0
6023,0
4964,0
3594,1
1992,0
1979,0
4523,0
1949,0
46302,0
298,0
1273,0
35,0
6538,0
1562,0
4349,0
440,0
1272,0
1268,0
4513,0
2268,0
5723,0
6145,0
3489,0
4413,0
8271,0
4515,0
5176,0
5123,0
10431,0
23827,0
2698,0
3563,0
1738,0
16119,0
9963,0
4169,0
663,0
5375,0
10172,0
2976,0
9793,0
13649,0
4141,0
2252,0
2310,0
3638,0
8277,0
9038,0
9408,0
3021,0
1620,0
13680,0
11199,0
285923,0
7942,0
9966,0
1858,0
7350,0
1691,0
1845,0
9955,0
8398,0
15356,0
13186,0
5857,0
2082,0
2977,0
8461,0
2312,0
4517,0
18093,0
14313,1
4858,0
2284,0
13196,0
7972,0
14144,0
9911,0
10758,0
13363,0
6589,0
13474,0
7737,0
13025,0
4512,0
1988,0
2196,0
1683,0
7183,0
13159,0
9757,0
11172,0
5125,0
13195,0
13079,0
13161,0
13394,1
1950,0
5126,0
6973,0
5708,0
10030,0
69315,0
12994,1
13067,0
2274,0
16873,0
12435,0
1257,0
14047,0
23202,0
14158,0
14830,0
1646,1
9785,0
4688,0
13257,0
10074,0
5353,0
15206,0
2001,0
7979,0
10294,0
7211,0
14019,0
10760,0
14636,0
4787,0
5951,0
14125,0
9815,0
2959,0
15019,0
13250,0
8954,0
4566,0
6615,0
16460,0
11835,0
10425,0
10075,0
13564,0
13022,0
14138,0
13008,0
8319,0
8270,0
21946,0
13525,0
14913,0
13641,0
8875,0
2359,0
1534,0
4771,1
8272,0
13204,0
14223,0
13957,0
13019,0
17483,0
6575,0
4398,0
14748,0
13243,0
15418,0
3877,0
13910,0
15069,0
13078,0
8060,0
10107,0
4520,0
2267,0
13360,0
2355,0
6639,0
14000,0
16392,0
14111,0
3902,0
13158,0
13074,0
4998,0
13061,0
13470,0
14459,0
12473,0
16236,0
13252,0
5718,0
10946,0
19580,0
14540,0
8414,0
6309,0
13501,0
9703,0
14211,0
13492,0
7006,0
14284,0
13647,0
15289,0
5595,0
16071,0
15302,0
1989,0
8141,0
16962,0
7797,0
17456,0
13949,0
6022,0
9997,0
15434,0
13054,0
4538,0
13337,0
1931,0
7862,0
14735,0
18755,0
14001,0
2728,0
20294,0
2002,0
13640,0
5956,0
10822,0
18726,0
9017,0
14043,1
10748,0
17097,0
14547,0
13173,0
1872,0
10759,0
13168,0
13848,0
38410,0
4170,0
15728,0
13258,0
13491,0
13958,0
24447,0
4629,0
1248,0
13362,0
13548,0
13538,0
10071,0
26114,0
1874,0
9750,0
4407,0
16205,0
13561,0
14456,0
11161,0
20720,0
14044,0
50126,1
14687,0
25218,0
21935,0
259624,0
12171,0
8748,0
4283,0
14235,0
13194,0
11801,1
36108,0
1922,0
1990,0
12791,0
13317,0
18632,0
16725,0
16555,0
13968,0
20224,0
6535,0
14882,0
108176,0
13710,0
9783,0
25055,0
24632,0
1961,0
29362,0
16126,0
9867,0
15250,0
2979,0
10090,0
20497,0
62527,0
12247,0
53216,0
15166,0
7992,0
105325,0
16453,0
17158,0
4157,0
10247,0
27359,0
18556,0
13998,0
18217,0
13068,0
15261,0
46169,0
21623,0
39561,0
348,0
28,0
9659,0
152,0
698,0
583,0
5157,0
11474,0
1367,0
9453,0
696,1
9638,0
10654,0
11449,0
10734,0
16858,0
6404,0
9570,0
10322,0
14035,0
163907,0
11343,0
29723,0
12102,0
988,0
6471,0
11519,0
17443,0
24750,0
20283,0
10373,0
11121,1
11583,0
9051,0
17264,0
11145,0
10912,0
22328,0
40160,0
25476,0
42172,0
26659,0
18966,0
28942,0
54013,0
45964,0
33831,0
233,0
23957,0
13570,0
26326,0
40842,0
33521,0
30547,0
218,0
87,0
620,0
927,0
34584,1
90,0
311,0
279,0
1885,0
377,0
9610,0
4437,0
841,0
9326,0
9336,0
1880,0
23111,0
1788,0
9730,0
13820,0
9314,0
9651,0
9663,0
12309,0
11031,0
11707,0
14774,0
15144,0
625,0
18462,0
5968,0
1884,0
11884,0
13189,0
24264,0
11368,0
2619,0
655,0
11507,0
11379,0
16969,0
24099,0
2669,0
2148,0
5677,0
11899,0
8764,0
22160,0
14347,0
11002,0
11296,0
13763,0
15379,0
10631,0
11393,0
14052,0
10823,0
33914,0
15239,0
18477,0
15927,0
14746,0
24128,0
14673,0
48677,0
16806,0
11950,0
15259,0
16551,0
40814,0
17464,0
27414,0
28054,0
21989,0
10606,0
21871,0
26522,0
11495,0
5896,0
83223,0
9507,0
23730,0
18498,0
13681,0
11221,0
32081,0
10179,0
26178,0
12762,0
19400,0
28148,0
17667,0
19596,0
19621,0
41089,0
11905,0
1892,0
111,0
36670,0
700,0
850,0
9531,0
1621,0
860,0
11153,0
17692,0
4543,0
11050,0
18835,0
10650,0
9346,0
9549,0
1058,0
11609,0
14813,0
12695,0
11654,0
8769,0
227,0
19698,0
12503,0
11591,0
7012,0
10489,0
10269,0
6341,0
11336,0
19053,0
18172,0
11030,0
8289,0
535,0
12502,0
27214,0
15301,0
22998,0
849,0
232,0
10805,0
14854,0
12560,0
10576,0
33676,0
101660,0
837,0
32644,0
12239,0
15895,0
11235,0
14280,0
15035,0
21356,0
12633,0
13633,0
15050,0
21500,0
12921,0
26198,0
21721,0
13105,0
17381,0
24808,1
13567,0
57978,0
40229,0
47364,0
26452,0
9967,0
15251,0
26978,0
807,0
862,0
629,0
197,0
710,0
8844,0
1572,0
9348,0
63,0
568,0
9737,0
10530,0
949,0
76,0
9482,0
414,0
524,0
9603,0
9598,0
8839,0
33689,0
5,0
9804,0
15789,0
9273,0
688,0
451,0
1642,0
532,0
9886,0
8068,0
2064,0
6950,0
577,0
3512,0
1408,0
9312,0
4584,1
11017,0
9070,0
8012,1
9691,0
12106,0
397,0
19004,0
12110,0
1710,0
9067,0
10634,0
687,0
8963,0
10802,0
11448,0
922,0
9560,0
11862,0
21032,0
9271,0
11980,0
10474,0
11929,1
11517,0
12665,0
11780,0
9090,0
10428,0
15602,0
10858,0
11008,0
6520,0
9382,0
10987,0
11859,0
152426,0
11443,0
2293,0
9087,0
19101,1
11860,0
281,0
9071,0
9061,0
21183,1
2086,0
11472,0
10149,0
11381,0
16420,0
36834,0
26258,0
14819,0
9102,0
18402,0
9066,0
9344,0
28313,1
9073,0
37108,0
13531,0
10612,0
11863,0
8438,0
9501,0
6715,0
9059,0
31174,0
12122,0
12158,0
9091,0
18256,0
400,0
8973,0
10824,0
6071,0
22625,0
47608,0
25749,0
10329,0
13559,0
32646,0
9089,0
31894,0
37141,0
28387,0
26441,0
10533,1
8512,0
18392,0
27526,0
12520,0
40508,0
34996,0
9263,0
12554,0
19326,0
28601,0
2054,0
35196,0
27985,0
30765,0
11359,0
9909,0
17015,0
38884,0
18801,1
31357,1
11876,0
11861,0
48781,0
16295,0
19286,0
20649,0
18998,0
30718,0
31611,0
25066,0
10525,0
13552,0
43612,0
500,0
812,0
772,0
364,0
8077,0
943,0
6114,0
766,0
8845,0
9374,0
881,0
8872,0
11806,0
402,0
9349,0
9504,0
11158,0
2322,0
12143,0
33,0
2005,0
10158,0
1492,0
10906,0
9475,0
10538,0
763,0
12088,0
293,0
619,0
10412,0
9264,0
11790,0
10437,0
9876,0
9869,0
10414,0
1923,0
10403,0
11569,0
1883,0
9300,0
14684,0
11597,0
8293,0
9361,0
9367,0
11087,0
10497,0
9278,0
10699,0
47821,0
11012,0
4823,0
10326,0
31962,1
11287,0
9609,0
26255,0
10377,0
14239,0
11386,0
11066,0
10163,0
9529,0
10435,0
9096,0
18631,0
10407,0
17494,0
14361,0
2687,0
13823,0
13153,0
10406,0
10206,0
12395,0
16562,0
11259,0
20763,0
16136,0
11068,0
18764,0
16219,0
10411,0
9605,0
5237,0
25095,0
13199,0
18722,0
12525,0
41670,0
11428,1
2613,0
16314,0
13006,0
10424,0
12772,0
12518,0
5765,0
19380,0
20676,0
15300,0
19143,0
40082,0
28384,0
24230,0
14603,0
27381,0
61225,0
22590,0
48150,0
12251,0
10410,0
2470,0
2007,0
10409,0
19087,0
23939,0
20859,0
85,0
41280,0
699,0
10948,1
8810,0
10156,0
814,0
11827,0
764,0
1103,0
11527,0
11816,0
9443,0
9725,0
12528,0
11646,0
11281,0
11027,1
13665,0
43089,0
10246,0
18254,0
11286,0
19429,0
36819,0
9538,0
17360,0
11524,0
10890,0
10540,0
10768,0
24274,0
11644,0
25093,0
26444,0
5062,0
25566,0
848,0
20075,0
12537,1
11298,0
25468,0
10627,0
22171,0
10863,0
8691,0
10323,0
14900,0
31593,0
14664,0
21515,0
28893,0
19379,0
24634,0
24124,0
37936,0
13555,0
37775,0
21874,0
18905,0
28377,0
39874,0
15660,0
10725,0
19507,0
30931,0
29204,0
21137,0
21764,0
55538,0
26560,0
44247,0
17205,0
32047,0
602,0
954,0
627,0
275,0
9802,0
75,0
454,0
10545,0
11238,0
2300,0
9268,0
11674,0
9294,0
755,0
1645,0
199,0
9614,0
9279,0
4232,0
11412,0
9390,0
10830,0
8840,0
9327,0
11228,0
9103,0
12123,0
409,0
2320,0
664,0
3595,0
10680,0
9894,0
819,0
10779,0
9208,0
884,0
10061,0
1630,0
10547,0
9303,0
10218,0
9879,0
9566,0
7095,0
1592,0
11867,0
10684,0
9716,0
9591,0
10280,0
10607,0
9401,0
9400,0
36758,0
9100,0
18862,0
7300,0
8766,0
9101,0
11543,0
21539,0
18555,1
9625,0
10723,0
8866,0
9431,0
8818,0
11103,0
11062,0
10543,0
2074,0
10938,0
8744,0
9304,0
9460,0
9333,0
10861,0
18550,0
11112,0
11363,0
47333,0
17182,0
3179,0
10546,0
20539,0
18220,0
13685,0
10539,1
10874,0
3573,1
11000,0
10478,0
9308,0
2925,0
19164,0
28005,0
12498,0
11159,0
9819,0
20927,0
11076,0
31640,0
9095,0
10586,0
44705,0
26890,0
2045,0
7863,0
10549,0
9623,0
26748,0
36355,0
18203,0
12606,0
11525,0
9283,0
36915,1
10990,0
11069,0
11511,0
6346,0
10534,0
9099,0
11229,0
10535,0
12656,0
9826,0
18975,0
9536,0
17795,0
2928,0
11306,0
13997,0
19042,0
20759,0
1770,0
23945,0
16299,0
25189,0
9302,0
27681,0
42314,0
19002,0
9450,0
26787,0
8052,0
15691,0
10690,0
26949,0
11107,0
18414,0
12709,0
9306,0
16003,0
12559,0
25750,0
10988,0
36344,0
17414,0
2699,0
23570,0
9568,0
25355,0
13891,0
19287,0
16233,0
23449,0
16448,0
27770,0
38223,0
28059,0
12254,0
32308,0
31908,0
15674,0
3065,0
49763,0
40001,0
3587,0
10548,0
28121,0
98,0
77,0
8871,0
8358,0
107,0
955,0
1636,0
4247,0
11688,0
3981,0
10567,0
4327,0
7443,0
2024,0
6282,0
2085,0
3536,0
71,0
9679,0
462,0
1597,0
134,0
2787,0
14181,0
10501,0
1493,0
10559,0
641,0
10647,0
16366,0
9383,0
9600,0
1359,1
16,0
9285,0
10637,0
2046,0
4958,0
1900,0
8859,0
5994,0
24102,0
8452,0
11478,0
13930,0
2123,0
8584,0
9741,0
5551,0
2069,0
786,0
1588,0
392,0
243,0
8870,0
2067,0
8843,0
479,0
15653,0
10461,0
10393,0
10685,0
889,0
7290,0
11973,0
1907,0
16234,0
2133,0
9678,0
19457,0
7450,0
10468,0
4234,0
10429,0
11678,0
2155,0
10569,0
16187,0
15655,0
10471,0
10577,0
13526,0
13785,0
7093,0
11978,0
10479,0
711,1
10687,0
20682,0
20455,0
10571,0
9871,0
10481,0
12107,0
4967,0
5833,0
10383,0
10384,0
5458,0
876,0
10862,0
6521,0
10642,0
10564,0
10480,0
11983,0
11398,0
11004,1
4244,0
16340,0
12211,0
14736,0
10035,0
14629,0
11826,0
10391,0
18041,0
10876,0
318,0
1831,0
11849,0
9456,0
16888,0
10688,0
10562,0
20697,0
10560,0
5001,0
41275,0
2621,0
18884,0
11531,0
10472,0
2360,0
919,0
18074,0
10416,0
48246,0
25166,0
16225,0
29076,0
12597,0
4226,0
27723,0
21311,0
22230,0
14805,0
36657,0
19348,0
28031,0
41282,0
14195,0
10763,0
10641,0
5257,0
18168,0
27745,0
12619,0
10697,0
10978,0
18394,0
13539,0
36234,0
10783,0
17908,0
101514,0
36968,0
18011,0
10898,0
24100,1
197725,0
10873,0
37302,0
17208,0
742,0
15723,0
14295,0
21355,0
10394,0
60587,0
21991,0
10385,0
36047,0
20438,0
78,0
601,0
1091,0
1368,0
6217,0
97,0
1371,0
609,0
9387,0
150,0
154,0
13342,1
4193,0
11639,0
12104,0
783,0
9576,0
2665,0
262,0
14742,0
9699,0
9442,0
17918,0
11704,0
13396,0
10150,0
2623,0
29702,0
15764,0
8288,0
9037,0
16281,0
15739,0
11314,0
32085,0
11307,1
13945,0
24740,0
37917,0
11541,0
23805,0
9728,0
11564,0
10676,0
24226,0
27088,0
12614,0
10724,0
22023,0
27150,0
16235,0
16363,0
23943,0
17590,0
9343,0
14373,0
16441,0
11949,0
27273,0
47886,0
24266,0
47955,1
27726,0
30060,0
10831,0
41378,0
39899,0
20980,0
27813,0
31044,0
27380,0
13776,0
27475,0
49483,0
42251,0
19415,0
31858,0
47957,0
37165,0
95,0
10674,0
36647,0
115,0
857,0
9732,0
2109,0
9487,0
9837,0
8916,0
10216,0
8195,0
2666,0
617,0
544,0
846,0
73,0
12159,0
9798,0
9313,0
8656,0
2157,0
9631,0
297,0
944,0
3600,0
929,0
6435,0
10153,0
6068,0
1878,0
1934,0
9342,0
10663,0
1965,0
473,0
795,0
9820,0
8741,1
9745,0
11551,0
3050,0
200,0
9489,0
11808,0
4518,0
1389,0
11003,0
11545,0
9454,0
10312,0
9411,0
9877,0
10220,0
4415,0
9424,0
9447,0
10941,0
100,0
11508,0
17037,0
9441,0
9429,0
547,0
9822,0
9715,0
11932,0
9945,0
3682,0
9410,0
20235,0
9882,0
8688,0
9827,0
9440,0
10215,0
26269,0
16980,0
9320,0
24793,0
8838,0
22796,0
9448,0
2657,0
11568,0
9469,0
11258,0
9422,0
14533,0
10683,0
11702,0
9458,0
6396,0
46992,0
3513,0
18316,0
28302,0
9276,0
825,0
9821,0
9466,0
14013,0
9812,0
9713,0
16146,0
15805,0
15037,0
11675,0
11252,0
12706,0
2042,0
9457,0
14283,0
10223,0
10029,0
9425,0
37636,0
8583,0
36136,0
30949,0
14557,0
9771,0
9452,0
14444,0
12488,0
35680,0
13151,0
17915,0
8129,0
10616,0
12538,0
17941,0
9490,0
1448,0
22318,0
3033,0
22256,0
9835,0
21661,0
16148,0
27850,0
10940,0
19154,0
24746,0
11660,0
10278,0
15162,0
10593,0
4927,0
37498,0
10162,0
21736,0
14577,0
24525,0
12257,0
11855,0
45242,0
17127,0
11603,0
47881,0
42807,0
33644,0
1618,0
27472,0
8545,0
31220,1
15043,0
13907,0
44625,0
26618,0
14662,0
25751,0
24269,0
32302,0
17074,0
36568,0
17263,0
56195,0
21430,0
16129,0
10144,0
89,0
639,0
268,0
165,0
207,0
2978,0
709,0
5825,0
9665,0
2756,0
942,0
9618,0
1648,0
9494,0
9354,0
172,0
10222,0
10160,0
10134,0
11974,0
8913,0
10495,0
11185,0
2604,0
2616,0
14372,0
1412,0
9942,0
5971,0
8491,0
1552,0
10345,0
10142,0
249,0
238751,0
9972,0
8867,0
11718,0
10283,0
11352,0
11895,0
10344,0
24739,0
6951,0
7452,0
11497,0
19124,0
9085,0
12150,0
10493,0
11342,0
505,0
12521,0
403,0
11562,0
4105,0
28165,0
9686,0
5203,0
19236,0
10875,0
10860,0
10161,0
11607,0
25199,0
17819,0
3064,0
28169,0
925,0
26953,0
10705,0
21512,0
31606,0
17362,0
11305,0
19142,0
11937,0
11361,0
2028,0
8216,0
15618,0
22102,0
4296,0
2323,1
11828,0
10135,0
14628,0
2263,0
31004,0
16182,1
1380,0
47045,0
31608,0
18111,0
37606,0
476,0
183,0
24077,0
32261,0
11465,0
11959,0
14621,0
20006,0
300589,0
31583,0
22244,0
15138,0
32059,0
19118,0
38084,0
20607,0
11157,0
10551,0
31150,0
28774,1
30666,0
20423,0
10020,0
280,0
879,0
8367,0
8010,0
1598,0
174,0
37137,0
1089,0
1649,0
2924,0
2907,0
9292,0
10249,0
1541,0
10537,0
1497,0
11933,0
10380,0
274,1
290,0
4032,0
9079,0
11284,0
468,0
9319,0
820,0
650,0
2453,0
9594,0
12627,0
10276,0
339,0
11187,0
1406,0
9595,0
23438,0
13888,0
2107,0
1633,0
11384,0
13154,0
7442,0
13697,0
20421,0
2742,0
36630,0
20289,0
6524,0
11846,0
177,0
24734,0
11364,0
15413,0
19200,0
10337,0
14362,0
32685,0
10750,0
30815,0
10333,0
21828,0
1713,0
11504,0
47090,0
12186,0
10804,0
11498,0
10379,0
25562,0
16270,0
11894,0
10952,0
41780,0
12702,0
26561,1
11890,0
10174,0
20704,0
1358,0
19065,0
18886,0
3784,0
22434,0
6463,0
14904,0
11663,0
20096,0
12647,0
41805,0
11521,0
21219,0
1483,0
9585,0
4539,0
17956,0
2071,0
12227,1
2611,0
10261,0
9546,0
25330,0
34376,0
30694,0
28455,0
26291,0
16820,0
11821,0
41791,0
14667,0
31544,0
562,1
2280,0
37136,0
13704,0
4011,0
380,0
11690,0
9602,0
1370,0
10651,0
12233,0
9493,0
856,0
12144,0
7520,0
9647,0
10585,0
847,0
9396,0
10131,0
10141,0
287,0
9604,0
623,0
11825,0
11966,0
9599,0
11285,0
5680,0
10644,0
2640,0
8740,0
1632,0
3525,0
8337,0
15158,0
10128,0
12710,0
11357,0
10117,0
2321,0
10281,0
11082,0
859,0
12120,0
10675,0
20196,0
16296,0
21733,0
9748,0
24929,0
12582,0
18509,0
11955,0
8677,0
10306,0
14506,0
27352,0
11851,0
9013,0
9395,0
11051,0
21362,0
26515,0
10868,0
48309,0
11054,0
9064,0
2617,0
10130,0
11191,0
36739,0
9540,1
26386,0
24679,0
12714,0
40095,0
13350,0
34311,0
24924,0
13554,0
10132,0
17170,0
2210,0
15592,0
20443,0
25998,0
10001,0
14911,1
9717,0
30502,0
10396,0
40820,0
10127,0
4271,0
29787,1
27412,0
26044,0
15482,0
14240,0
11503,0
18197,0
26603,1
10126,0
19382,0
23752,0
7091,0
28452,0
14170,0
31052,0
17006,0
29154,0
11347,0
22572,0
38965,0
35119,0
26355,0
12663,0
19051,0
27814,0
106,0
600,1
88,0
957,0
708,0
5548,0
765,0
941,0
865,0
580,0
2493,0
10072,0
10673,0
96,0
11411,0
378,0
117,0
801,0
746,0
10998,0
10587,0
2614,0
2609,0
635,0
1825,0
11548,0
1547,0
6069,0
16288,0
9964,0
10780,0
10937,0
12626,0
15143,0
918,0
14367,0
10023,0
13247,0
37530,0
11584,0
17258,0
13446,0
10110,0
6917,0
15785,0
11649,0
30890,0
10083,0
8989,0
10021,0
11879,0
12154,0
12476,0
19933,0
22172,0
8852,0
10859,0
9003,0
14499,0
17238,0
26719,0
16620,0
31650,0
11496,0
12623,0
3543,0
39507,0
18410,0
27786,0
11896,0
2039,0
13509,0
17159,0
14671,0
4918,0
26371,0
20465,0
16889,0
5709,0
25155,0
14464,0
21299,0
10019,0
21309,0
22500,0
12506,0
13703,0
25318,0
23599,0
11215,0
4639,0
27857,1
15582,0
18935,0
10652,0
26827,0
13339,0
59558,0
36914,0
50719,0
46975,0
32054,0
10081,0
39929,0
62,0
871,0
10331,0
26690,0
8069,0
916,1
14136,0
18988,0
805,0
12105,0
17917,0
4929,0
11046,0
10794,0
912,0
11356,0
6003,0
39891,0
22377,0
11708,0
33564,0
16249,0
32969,1
16085,0
14794,0
18846,0
753,0
31681,0
27983,0
31938,0
32726,0
31965,0
26170,0
17657,0
18193,0
29146,0
240,0
829,0
682,0
3034,0
30497,0
1410,0
592,0
10869,0
4176,0
11072,0
12310,0
27932,1
5121,0
26648,0
11034,0
22048,0
39844,0
16938,0
8348,0
14267,0
27327,0
8333,0
16153,0
13939,0
17365,1
987,0
28153,0
5919,0
16246,0
4923,0
13397,1
11942,0
11123,0
4985,0
59189,0
21489,0
4546,0
27094,0
28715,0
29845,0
3687,0
18979,0
42449,0
510,0
578,0
762,0
36685,0
3175,0
11843,0
983,0
4561,0
11963,0
20850,0
4917,0
13282,0
11686,0
14821,0
27361,0
11020,0
10711,0
22094,0
11326,0
8043,0
3121,0
12223,0
27085,0
29859,0
968,0
20187,0
27429,0
62697,0
16561,0
11484,0
17599,0
9652,0
14815,0
17538,0
32051,0
17346,0
32042,0
38783,0
26905,0
27716,0
646,0
947,0
802,0
595,1
982,0
11385,0
11349,0
11897,0
11085,0
11697,0
42995,0
16103,0
13671,0
19201,0
10242,1
3009,0
898,0
45267,0
9289,0
33468,0
32488,0
1162,0
29074,0
27568,0
29235,0
34774,0
16093,0
36206,0
17185,0
12708,0
658,0
935,0
433,0
704,0
13382,0
506,0
11113,0
1594,0
21159,0
25319,0
758,0
502,0
14433,0
4939,0
5066,0
19953,0
3482,0
2098,0
26031,0
28667,0
23518,0
22829,0
26638,0
10604,1
14703,0
24229,0
7348,0
22543,0
3092,0
29030,0
5052,0
39231,0
30295,0
53021,0
40630,0
34276,1
17696,0
42791,0
15421,0
10299,0
28177,0
185,0
252,1
681,0
41357,0
984,0
1687,0
994,0
11234,0
12335,0
636,0
343,0
1051,0
15393,0
9267,0
31283,0
27554,0
839,0
1485,0
11302,0
26405,1
11316,0
10514,0
21717,0
27236,0
36040,1
482,0
336,0
14811,0
25188,0
11951,0
29005,0
39261,0
30941,0
45938,0
466,0
16328,0
5920,0
31906,0
39043,0
18047,0
46845,0
26513,0
36850,0
28801,0
48211,0
36492,0
53045,0
38646,0
26234,0
17965,0
31767,0
36194,1
46175,0
32082,0
861,0
769,0
1573,1
196,0
162,0
114,0
242,0
581,0
251,0
1498,0
1700,0
1375,0
11186,0
10166,0
1669,0
169,0
2119,0
2670,0
379,0
928,0
9362,0
5549,0
34636,0
9356,0
11005,0
11595,0
10837,0
9399,0
17466,0
12157,0
21168,0
11092,0
2565,0
483,0
530,0
11587,0
1551,0
13995,0
10169,0
17993,0
11856,0
2291,0
1662,0
9768,0
41823,0
19384,0
8428,0
9086,0
1727,0
8592,0
9556,0
14864,0
8217,0
19185,0
18129,0
9491,0
10164,0
9586,0
10173,0
47869,0
18971,0
951,0
6470,0
16384,0
10168,0
9558,0
19158,0
17009,0
24016,0
11309,0
10729,0
10847,0
20701,0
11510,0
9569,0
23535,0
11135,0
40377,0
11077,0
11630,0
31676,0
26612,0
8996,0
27274,0
31923,0
2927,0
14249,0
6393,0
20481,0
32669,0
6723,0
25528,0
9588,0
28761,0
41003,1
14931,0
25018,0
9548,0
12651,0
28090,0
24249,0
2612,0
22414,0
15389,0
11060,0
28553,0
25943,0
3101,0
37865,0
10170,0
771,0
4587,0
16094,0
11131,0
26914,0
2891,0
38718,0
21344,0
10485,0
36843,0
10264,0
2990,0
31597,0
12230,0
164,0
1725,0
10911,1
750,0
821,0
19186,0
30462,0
16638,0
16372,0
990,1
36362,0
11536,0
28501,0
18993,0
28569,0
28752,1
20139,0
18647,0
430,0
24248,0
248,0
18228,0
43020,0
28430,0
28333,0
32634,0
29478,0
539,0
966,0
967,0
284,0
24014,0
2134,0
11167,0
18444,0
299,0
6643,0
25767,0
23220,0
23439,0
37230,0
43040,0
1673,0
18639,0
31102,0
12617,0
24452,0
11209,0
1908,0
2982,0
22013,0
21240,0
11773,1
15788,0
29756,0
39890,0
1941,0
103,0
1366,0
7340,1
794,0
10803,0
10730,0
891,0
10649,0
5854,0
10747,0
10518,1
5228,1
10774,0
11372,0
6037,0
11558,0
17814,0
12268,0
10640,0
12584,1
32037,0
32040,0
42252,0
9878,0
991,0
19971,1
23761,0
6883,0
4780,0
10786,0
8446,0
10970,0
13549,0
19610,0
25241,0
11422,0
1723,0
21241,0
40440,0
15462,0
40043,0
42245,1
23479,0
48197,0
137,0
9479,0
424,0
329,0
9739,0
788,0
5503,0
9386,0
9800,0
9571,0
9593,0
9559,0
8005,0
2758,0
9350,0
867,1
1499,0
11101,0
531,0
864,0
858,0
11969,0
4104,0
9024,0
6075,0
9255,0
319,0
9607,0
6279,0
6,0
9944,0
10057,0
5550,0
1587,0
12139,0
10909,0
1607,0
10440,0
37094,0
11528,0
37233,0
10349,0
10413,0
10439,0
10498,0
7984,0
4722,0
1634,0
10433,0
13203,0
1644,0
26127,0
8092,0
11074,0
713,0
35588,0
9702,0
6878,0
11971,0
9272,0
8873,0
2019,0
1245,0
14919,0
10436,0
108,0
7007,0
10443,0
9409,0
11566,0
10657,1
7305,0
2246,0
9545,0
10285,0
1049,0
11520,0
9644,0
11982,0
14534,0
10445,0
20339,0
9612,0
10438,0
10655,0
695,0
10442,0
2259,0
12519,0
8494,0
21450,0
10942,0
4478,0
11044,0
2088,0
9516,0
25610,0
2149,0
41659,0
31642,0
70133,0
10502,0
12187,0
10427,0
15765,0
23210,0
31000,0
11811,0
31578,0
21845,0
26141,0
14135,0
2887,0
11236,1
1689,0
507,0
2625,0
8291,0
25389,0
14291,0
34444,0
1413,0
25748,0
10419,0
18133,0
19931,1
12121,0
11041,0
12574,0
26333,0
24126,0
33408,0
15613,1
18890,0
34024,0
25684,0
57789,0
11655,0
16437,0
11198,0
65137,0
18857,0
12661,0
41759,0
18215,0
17653,0
27804,0
13063,0
33539,0
27885,0
11244,0
10423,0
12664,0
19371,0
28260,0
18773,0
34723,0
11143,0
31503,0
2047,0
23470,0
9261,0
1479,0
25466,0
15278,0
9325,0
37247,0
12208,0
667,0
475,0
649,0
903,0
11206,0
3053,0
30197,0
4889,0
1654,1
10633,0
25934,0
1879,0
26912,0
18900,0
25560,0
5064,0
16081,0
27945,0
3055,1
17887,0
5767,0
26039,0
27277,0
2984,0
28504,0
18209,0
135,0
24816,0
32489,0
3104,0
42694,0
657,0
9078,0
571,0
4808,0
6166,0
8095,0
11576,0
936,0
5925,1
11772,0
9960,0
2690,0
751,0
21143,1
24748,0
5769,0
29056,0
15875,0
25504,0
27759,0
31655,0
2593,0
18331,0
18774,0
15263,0
11533,0
32569,0
26535,0
30137,0
42987,0
38805,0
4025,0
39222,0
679,0
8009,0
792,0
744,0
9377,0
235,1
9318,0
4978,0
9426,0
10068,0
9994,0
11483,0
9710,0
2605,0
793,0
168,0
10658,0
6978,0
11873,0
192,0
13597,0
9874,0
9542,0
8856,0
10122,0
8388,0
2099,0
9671,0
10015,0
10136,0
12151,0
11133,0
10466,0
10776,0
29968,0
11416,0
5693,0
10225,0
11120,0
14510,0
12721,0
12118,0
3980,0
11522,0
14924,0
15392,0
40342,0
5143,0
6106,0
1857,0
10945,0
9941,0
11028,0
9980,0
11257,0
12715,0
10013,0
11300,0
24913,0
12662,0
10002,0
1554,0
36349,0
10692,0
10017,0
25438,0
16337,0
15596,0
13818,0
13698,0
11038,0
33278,0
9873,0
11415,0
31909,0
11938,0
15698,0
30194,0
13841,0
13715,0
18282,0
14670,0
11037,0
9930,0
16113,0
26789,0
33061,0
20537,0
13853,0
15762,0
2620,0
24103,0
1890,0
13346,0
29355,0
26555,0
17465,0
27995,0
10857,0
13766,0
47340,0
34223,0
11454,0
11886,0
9552,0
253,0
203,0
9461,0
2362,0
1705,0
931,0
9277,0
10648,0
11901,0
4909,0
40374,0
838,0
12101,0
5924,0
11561,0
12545,0
9040,0
27331,0
11293,0
2926,0
1847,0
11577,0
17897,0
16180,0
14886,0
15171,0
30708,0
3133,0
22021,0
53868,0
22307,0
40682,0
13479,0
25473,0
3117,0
8327,0
26332,0
25680,0
10236,0
43003,0
32615,0
35669,0
70345,0
24923,0
26015,0
32080,0
31587,0
16307,0
3043,0
29425,0
26331,0
28498,0
28110,0
10112,0
1685,0
651,0
11589,0
29748,0
11202,0
9062,1
38953,0
11165,0
5722,0
11916,0
10671,1
2998,0
42594,0
13400,0
10364,0
11040,0
14384,1
24918,0
13765,0
5620,0
26606,0
26617,0
23506,0
9459,0
23330,0
17276,0
14676,0
132,0
38765,0
26593,0
59408,0
5185,0
33157,0
31952,0
51992,0
4910,0
27172,0
660,0
15121,0
907,0
10338,0
13187,0
4879,0
26811,0
37921,0
10243,0
14831,0
16211,0
15247,0
315,0
886,0
3681,0
21876,0
36583,0
13580,0
26573,0
21027,0
16850,0
24134,0
13524,0
11481,0
42745,0
1942,0
2428,0
11694,0
36815,0
29715,0
30080,0
20723,0
28295,1
668,0
642,0
624,0
3116,0
576,0
11485,0
11463,0
2370,0
13675,0
20391,0
14030,0
13384,0
18118,0
15374,0
17529,0
66027,0
42329,0
11574,0
15873,0
19293,0
45522,0
5227,0
5179,0
40430,0
33166,0
621,0
579,0
923,0
1924,0
948,0
8469,0
6081,0
11778,0
2153,0
11455,0
16642,0
23916,0
13333,0
74849,0
26973,0
11327,0
123,0
11935,0
15659,0
11223,0
4192,0
25338,0
17339,0
9584,0
11850,0
24831,0
7010,0
22049,0
25239,0
15417,0
24153,0
24961,0
34193,0
55457,0
10766,0
12237,0
11837,0
34130,0
148980,0
46878,0
14839,0
12185,0
17212,0
18387,0
12611,0
54000,0
29143,0
16241,0
11623,0
40060,1
31428,0
2182,0
31948,1
39704,0
19378,0
31657,0
13963,0
39995,0
16214,0
13377,1
1714,0
396,0
3591,0
2525,0
1052,0
874,0
2661,0
5780,0
6644,0
4772,0
1888,0
23030,0
3001,0
12639,0
5923,0
38720,0
19728,0
22383,0
13353,0
34388,0
42701,0
29710,0
23728,0
5065,0
17102,0
28763,0
2161,0
28270,0
26268,0
15347,0
37301,0
31602,0
13343,0
20277,0
5921,0
31918,0
20620,0
5060,0
21,0
20379,0
39768,0
21449,0
22293,0
